Created by PLY version 3.11 (http://www.dabeaz.com/ply)

Grammar

Rule 0     S' -> BOT
Rule 1     BOT -> CREATE EXECUTE CLOSE_SCOPE
Rule 2     CREATE -> TkCreate OPEN_SCOPE DECLARATIONS
Rule 3     CREATE -> OPEN_SCOPE
Rule 4     OPEN_SCOPE -> empty
Rule 5     CLOSE_SCOPE -> empty
Rule 6     DECLARATIONS -> DECLARATIONS TYPE TkBot IDENT_LIST REGISTER_ROBOTS ACTIONS TkEnd
Rule 7     REGISTER_ROBOTS -> empty
Rule 8     DECLARATIONS -> empty
Rule 9     TYPE -> TkInt
Rule 10    TYPE -> TkBool
Rule 11    TYPE -> TkCaracter
Rule 12    IDENT_LIST -> TkIdent
Rule 13    IDENT_LIST -> IDENT_LIST TkComa TkIdent
Rule 14    ACTIONS -> ACTIONS TkOn ENTER_BEHAVIOR CONDITION TkDosPuntos OPEN_SCOPE INSTRUCTION_C TkEnd CLOSE_SCOPE EXIT_BEHAVIOR
Rule 15    ENTER_BEHAVIOR -> empty
Rule 16    EXIT_BEHAVIOR -> empty
Rule 17    ACTIONS -> empty
Rule 18    CONDITION -> TkActivation
Rule 19    CONDITION -> TkDeactivation
Rule 20    CONDITION -> EXP_BINARIA
Rule 21    CONDITION -> TkDefault
Rule 22    INSTRUCTION_C -> INSTRUCTION_C SIMPLE_INSTRUCTION_C
Rule 23    INSTRUCTION_C -> SIMPLE_INSTRUCTION_C
Rule 24    INSTRUCTION_E -> INSTRUCTION_E SIMPLE_INSTRUCTION_E
Rule 25    INSTRUCTION_E -> SIMPLE_INSTRUCTION_E
Rule 26    SIMPLE_INSTRUCTION_C -> TkStore EXP_BINARIA TkPunto
Rule 27    SIMPLE_INSTRUCTION_C -> TkCollect TkPunto
Rule 28    SIMPLE_INSTRUCTION_C -> TkCollect TkAs TkIdent TkPunto
Rule 29    SIMPLE_INSTRUCTION_C -> TkDrop EXP_BINARIA TkPunto
Rule 30    DIRECTION -> TkLeft
Rule 31    DIRECTION -> TkRight
Rule 32    DIRECTION -> TkUp
Rule 33    DIRECTION -> TkDown
Rule 34    SIMPLE_INSTRUCTION_C -> TkRead TkPunto
Rule 35    SIMPLE_INSTRUCTION_C -> TkRead TkAs TkIdent TkPunto
Rule 36    SIMPLE_INSTRUCTION_C -> TkSend TkPunto
Rule 37    SIMPLE_INSTRUCTION_C -> DIRECTION TkPunto
Rule 38    SIMPLE_INSTRUCTION_C -> DIRECTION EXP_BINARIA TkPunto
Rule 39    SIMPLE_INSTRUCTION_E -> TkActivate IDENT_LIST TkPunto
Rule 40    SIMPLE_INSTRUCTION_E -> TkDeactivate IDENT_LIST TkPunto
Rule 41    SIMPLE_INSTRUCTION_E -> TkAdvance IDENT_LIST TkPunto
Rule 42    SIMPLE_INSTRUCTION_E -> TkIf EXP_BINARIA TkDosPuntos INSTRUCTION_E TkEnd
Rule 43    SIMPLE_INSTRUCTION_E -> TkIf EXP_BINARIA TkDosPuntos INSTRUCTION_E TkElse TkDosPuntos INSTRUCTION_E TkEnd
Rule 44    SIMPLE_INSTRUCTION_E -> TkWhile EXP_BINARIA TkDosPuntos INSTRUCTION_E TkEnd
Rule 45    SIMPLE_INSTRUCTION_E -> CREATE EXECUTE CLOSE_SCOPE
Rule 46    EXECUTE -> TkExecute INSTRUCTION_E TkEnd
Rule 47    EXP_BINARIA -> EXP_BINARIA TkSuma EXP_BINARIA
Rule 48    EXP_BINARIA -> EXP_BINARIA TkResta EXP_BINARIA
Rule 49    EXP_BINARIA -> EXP_BINARIA TkMult EXP_BINARIA
Rule 50    EXP_BINARIA -> EXP_BINARIA TkDiv EXP_BINARIA
Rule 51    EXP_BINARIA -> EXP_BINARIA TkMod EXP_BINARIA
Rule 52    EXP_BINARIA -> EXP_BINARIA TkConjuncion EXP_BINARIA
Rule 53    EXP_BINARIA -> EXP_BINARIA TkDisyuncion EXP_BINARIA
Rule 54    EXP_BINARIA -> EXP_BINARIA TkIgual EXP_BINARIA
Rule 55    EXP_BINARIA -> EXP_BINARIA TkNoIgual EXP_BINARIA
Rule 56    EXP_BINARIA -> EXP_BINARIA TkMenorIgual EXP_BINARIA
Rule 57    EXP_BINARIA -> EXP_BINARIA TkMayorIgual EXP_BINARIA
Rule 58    EXP_BINARIA -> EXP_BINARIA TkMenor EXP_BINARIA
Rule 59    EXP_BINARIA -> EXP_BINARIA TkMayor EXP_BINARIA
Rule 60    EXP_BINARIA -> TkParAbre EXP_BINARIA TkParCierra
Rule 61    EXP_BINARIA -> TkNegacion EXP_BINARIA
Rule 62    EXP_BINARIA -> TkResta EXP_BINARIA
Rule 63    EXP_BINARIA -> TkNum
Rule 64    EXP_BINARIA -> TkMe
Rule 65    EXP_BINARIA -> TkTrue
Rule 66    EXP_BINARIA -> TkFalse
Rule 67    EXP_BINARIA -> TkIdent
Rule 68    EXP_BINARIA -> TkCaracter
Rule 69    empty -> <empty>

Terminals, with rules where they appear

TkActivate           : 39
TkActivation         : 18
TkAdvance            : 41
TkAs                 : 28 35
TkBool               : 10
TkBot                : 6
TkCaracter           : 11 68
TkCollect            : 27 28
TkComa               : 13
TkConjuncion         : 52
TkCreate             : 2
TkDeactivate         : 40
TkDeactivation       : 19
TkDefault            : 21
TkDisyuncion         : 53
TkDiv                : 50
TkDosPuntos          : 14 42 43 43 44
TkDown               : 33
TkDrop               : 29
TkElse               : 43
TkEnd                : 6 14 42 43 44 46
TkExecute            : 46
TkFalse              : 66
TkIdent              : 12 13 28 35 67
TkIf                 : 42 43
TkIgual              : 54
TkInt                : 9
TkLeft               : 30
TkMayor              : 59
TkMayorIgual         : 57
TkMe                 : 64
TkMenor              : 58
TkMenorIgual         : 56
TkMod                : 51
TkMult               : 49
TkNegacion           : 61
TkNoIgual            : 55
TkNum                : 63
TkOn                 : 14
TkParAbre            : 60
TkParCierra          : 60
TkPunto              : 26 27 28 29 34 35 36 37 38 39 40 41
TkRead               : 34 35
TkResta              : 48 62
TkRight              : 31
TkSend               : 36
TkStore              : 26
TkSuma               : 47
TkTrue               : 65
TkUp                 : 32
TkWhile              : 44
error                : 

Nonterminals, with rules where they appear

ACTIONS              : 6 14
BOT                  : 0
CLOSE_SCOPE          : 1 14 45
CONDITION            : 14
CREATE               : 1 45
DECLARATIONS         : 2 6
DIRECTION            : 37 38
ENTER_BEHAVIOR       : 14
EXECUTE              : 1 45
EXIT_BEHAVIOR        : 14
EXP_BINARIA          : 20 26 29 38 42 43 44 47 47 48 48 49 49 50 50 51 51 52 52 53 53 54 54 55 55 56 56 57 57 58 58 59 59 60 61 62
IDENT_LIST           : 6 13 39 40 41
INSTRUCTION_C        : 14 22
INSTRUCTION_E        : 24 42 43 43 44 46
OPEN_SCOPE           : 2 3 14
REGISTER_ROBOTS      : 6
SIMPLE_INSTRUCTION_C : 22 23
SIMPLE_INSTRUCTION_E : 24 25
TYPE                 : 6
empty                : 4 5 7 8 15 16 17

Parsing method: LALR

state 0

    (0) S' -> . BOT
    (1) BOT -> . CREATE EXECUTE CLOSE_SCOPE
    (2) CREATE -> . TkCreate OPEN_SCOPE DECLARATIONS
    (3) CREATE -> . OPEN_SCOPE
    (4) OPEN_SCOPE -> . empty
    (69) empty -> .

    TkCreate        shift and go to state 3
    TkExecute       reduce using rule 69 (empty -> .)

    BOT                            shift and go to state 1
    CREATE                         shift and go to state 2
    OPEN_SCOPE                     shift and go to state 4
    empty                          shift and go to state 5

state 1

    (0) S' -> BOT .



state 2

    (1) BOT -> CREATE . EXECUTE CLOSE_SCOPE
    (46) EXECUTE -> . TkExecute INSTRUCTION_E TkEnd

    TkExecute       shift and go to state 7

    EXECUTE                        shift and go to state 6

state 3

    (2) CREATE -> TkCreate . OPEN_SCOPE DECLARATIONS
    (4) OPEN_SCOPE -> . empty
    (69) empty -> .

    TkInt           reduce using rule 69 (empty -> .)
    TkBool          reduce using rule 69 (empty -> .)
    TkCaracter      reduce using rule 69 (empty -> .)
    TkExecute       reduce using rule 69 (empty -> .)

    OPEN_SCOPE                     shift and go to state 8
    empty                          shift and go to state 5

state 4

    (3) CREATE -> OPEN_SCOPE .

    TkExecute       reduce using rule 3 (CREATE -> OPEN_SCOPE .)


state 5

    (4) OPEN_SCOPE -> empty .

    TkExecute       reduce using rule 4 (OPEN_SCOPE -> empty .)
    TkInt           reduce using rule 4 (OPEN_SCOPE -> empty .)
    TkBool          reduce using rule 4 (OPEN_SCOPE -> empty .)
    TkCaracter      reduce using rule 4 (OPEN_SCOPE -> empty .)
    TkStore         reduce using rule 4 (OPEN_SCOPE -> empty .)
    TkCollect       reduce using rule 4 (OPEN_SCOPE -> empty .)
    TkDrop          reduce using rule 4 (OPEN_SCOPE -> empty .)
    TkRead          reduce using rule 4 (OPEN_SCOPE -> empty .)
    TkSend          reduce using rule 4 (OPEN_SCOPE -> empty .)
    TkLeft          reduce using rule 4 (OPEN_SCOPE -> empty .)
    TkRight         reduce using rule 4 (OPEN_SCOPE -> empty .)
    TkUp            reduce using rule 4 (OPEN_SCOPE -> empty .)
    TkDown          reduce using rule 4 (OPEN_SCOPE -> empty .)


state 6

    (1) BOT -> CREATE EXECUTE . CLOSE_SCOPE
    (5) CLOSE_SCOPE -> . empty
    (69) empty -> .

    $end            reduce using rule 69 (empty -> .)

    CLOSE_SCOPE                    shift and go to state 9
    empty                          shift and go to state 10

state 7

    (46) EXECUTE -> TkExecute . INSTRUCTION_E TkEnd
    (24) INSTRUCTION_E -> . INSTRUCTION_E SIMPLE_INSTRUCTION_E
    (25) INSTRUCTION_E -> . SIMPLE_INSTRUCTION_E
    (39) SIMPLE_INSTRUCTION_E -> . TkActivate IDENT_LIST TkPunto
    (40) SIMPLE_INSTRUCTION_E -> . TkDeactivate IDENT_LIST TkPunto
    (41) SIMPLE_INSTRUCTION_E -> . TkAdvance IDENT_LIST TkPunto
    (42) SIMPLE_INSTRUCTION_E -> . TkIf EXP_BINARIA TkDosPuntos INSTRUCTION_E TkEnd
    (43) SIMPLE_INSTRUCTION_E -> . TkIf EXP_BINARIA TkDosPuntos INSTRUCTION_E TkElse TkDosPuntos INSTRUCTION_E TkEnd
    (44) SIMPLE_INSTRUCTION_E -> . TkWhile EXP_BINARIA TkDosPuntos INSTRUCTION_E TkEnd
    (45) SIMPLE_INSTRUCTION_E -> . CREATE EXECUTE CLOSE_SCOPE
    (2) CREATE -> . TkCreate OPEN_SCOPE DECLARATIONS
    (3) CREATE -> . OPEN_SCOPE
    (4) OPEN_SCOPE -> . empty
    (69) empty -> .

    TkActivate      shift and go to state 13
    TkDeactivate    shift and go to state 14
    TkAdvance       shift and go to state 15
    TkIf            shift and go to state 16
    TkWhile         shift and go to state 17
    TkCreate        shift and go to state 3
    TkExecute       reduce using rule 69 (empty -> .)

    INSTRUCTION_E                  shift and go to state 11
    SIMPLE_INSTRUCTION_E           shift and go to state 12
    CREATE                         shift and go to state 18
    OPEN_SCOPE                     shift and go to state 4
    empty                          shift and go to state 5

state 8

    (2) CREATE -> TkCreate OPEN_SCOPE . DECLARATIONS
    (6) DECLARATIONS -> . DECLARATIONS TYPE TkBot IDENT_LIST REGISTER_ROBOTS ACTIONS TkEnd
    (8) DECLARATIONS -> . empty
    (69) empty -> .

    TkInt           reduce using rule 69 (empty -> .)
    TkBool          reduce using rule 69 (empty -> .)
    TkCaracter      reduce using rule 69 (empty -> .)
    TkExecute       reduce using rule 69 (empty -> .)

    DECLARATIONS                   shift and go to state 19
    empty                          shift and go to state 20

state 9

    (1) BOT -> CREATE EXECUTE CLOSE_SCOPE .

    $end            reduce using rule 1 (BOT -> CREATE EXECUTE CLOSE_SCOPE .)


state 10

    (5) CLOSE_SCOPE -> empty .

    $end            reduce using rule 5 (CLOSE_SCOPE -> empty .)
    TkEnd           reduce using rule 5 (CLOSE_SCOPE -> empty .)
    TkActivate      reduce using rule 5 (CLOSE_SCOPE -> empty .)
    TkDeactivate    reduce using rule 5 (CLOSE_SCOPE -> empty .)
    TkAdvance       reduce using rule 5 (CLOSE_SCOPE -> empty .)
    TkIf            reduce using rule 5 (CLOSE_SCOPE -> empty .)
    TkWhile         reduce using rule 5 (CLOSE_SCOPE -> empty .)
    TkCreate        reduce using rule 5 (CLOSE_SCOPE -> empty .)
    TkExecute       reduce using rule 5 (CLOSE_SCOPE -> empty .)
    TkElse          reduce using rule 5 (CLOSE_SCOPE -> empty .)
    TkOn            reduce using rule 5 (CLOSE_SCOPE -> empty .)


state 11

    (46) EXECUTE -> TkExecute INSTRUCTION_E . TkEnd
    (24) INSTRUCTION_E -> INSTRUCTION_E . SIMPLE_INSTRUCTION_E
    (39) SIMPLE_INSTRUCTION_E -> . TkActivate IDENT_LIST TkPunto
    (40) SIMPLE_INSTRUCTION_E -> . TkDeactivate IDENT_LIST TkPunto
    (41) SIMPLE_INSTRUCTION_E -> . TkAdvance IDENT_LIST TkPunto
    (42) SIMPLE_INSTRUCTION_E -> . TkIf EXP_BINARIA TkDosPuntos INSTRUCTION_E TkEnd
    (43) SIMPLE_INSTRUCTION_E -> . TkIf EXP_BINARIA TkDosPuntos INSTRUCTION_E TkElse TkDosPuntos INSTRUCTION_E TkEnd
    (44) SIMPLE_INSTRUCTION_E -> . TkWhile EXP_BINARIA TkDosPuntos INSTRUCTION_E TkEnd
    (45) SIMPLE_INSTRUCTION_E -> . CREATE EXECUTE CLOSE_SCOPE
    (2) CREATE -> . TkCreate OPEN_SCOPE DECLARATIONS
    (3) CREATE -> . OPEN_SCOPE
    (4) OPEN_SCOPE -> . empty
    (69) empty -> .

    TkEnd           shift and go to state 21
    TkActivate      shift and go to state 13
    TkDeactivate    shift and go to state 14
    TkAdvance       shift and go to state 15
    TkIf            shift and go to state 16
    TkWhile         shift and go to state 17
    TkCreate        shift and go to state 3
    TkExecute       reduce using rule 69 (empty -> .)

    SIMPLE_INSTRUCTION_E           shift and go to state 22
    CREATE                         shift and go to state 18
    OPEN_SCOPE                     shift and go to state 4
    empty                          shift and go to state 5

state 12

    (25) INSTRUCTION_E -> SIMPLE_INSTRUCTION_E .

    TkEnd           reduce using rule 25 (INSTRUCTION_E -> SIMPLE_INSTRUCTION_E .)
    TkActivate      reduce using rule 25 (INSTRUCTION_E -> SIMPLE_INSTRUCTION_E .)
    TkDeactivate    reduce using rule 25 (INSTRUCTION_E -> SIMPLE_INSTRUCTION_E .)
    TkAdvance       reduce using rule 25 (INSTRUCTION_E -> SIMPLE_INSTRUCTION_E .)
    TkIf            reduce using rule 25 (INSTRUCTION_E -> SIMPLE_INSTRUCTION_E .)
    TkWhile         reduce using rule 25 (INSTRUCTION_E -> SIMPLE_INSTRUCTION_E .)
    TkCreate        reduce using rule 25 (INSTRUCTION_E -> SIMPLE_INSTRUCTION_E .)
    TkExecute       reduce using rule 25 (INSTRUCTION_E -> SIMPLE_INSTRUCTION_E .)
    TkElse          reduce using rule 25 (INSTRUCTION_E -> SIMPLE_INSTRUCTION_E .)


state 13

    (39) SIMPLE_INSTRUCTION_E -> TkActivate . IDENT_LIST TkPunto
    (12) IDENT_LIST -> . TkIdent
    (13) IDENT_LIST -> . IDENT_LIST TkComa TkIdent

    TkIdent         shift and go to state 24

    IDENT_LIST                     shift and go to state 23

state 14

    (40) SIMPLE_INSTRUCTION_E -> TkDeactivate . IDENT_LIST TkPunto
    (12) IDENT_LIST -> . TkIdent
    (13) IDENT_LIST -> . IDENT_LIST TkComa TkIdent

    TkIdent         shift and go to state 24

    IDENT_LIST                     shift and go to state 25

state 15

    (41) SIMPLE_INSTRUCTION_E -> TkAdvance . IDENT_LIST TkPunto
    (12) IDENT_LIST -> . TkIdent
    (13) IDENT_LIST -> . IDENT_LIST TkComa TkIdent

    TkIdent         shift and go to state 24

    IDENT_LIST                     shift and go to state 26

state 16

    (42) SIMPLE_INSTRUCTION_E -> TkIf . EXP_BINARIA TkDosPuntos INSTRUCTION_E TkEnd
    (43) SIMPLE_INSTRUCTION_E -> TkIf . EXP_BINARIA TkDosPuntos INSTRUCTION_E TkElse TkDosPuntos INSTRUCTION_E TkEnd
    (47) EXP_BINARIA -> . EXP_BINARIA TkSuma EXP_BINARIA
    (48) EXP_BINARIA -> . EXP_BINARIA TkResta EXP_BINARIA
    (49) EXP_BINARIA -> . EXP_BINARIA TkMult EXP_BINARIA
    (50) EXP_BINARIA -> . EXP_BINARIA TkDiv EXP_BINARIA
    (51) EXP_BINARIA -> . EXP_BINARIA TkMod EXP_BINARIA
    (52) EXP_BINARIA -> . EXP_BINARIA TkConjuncion EXP_BINARIA
    (53) EXP_BINARIA -> . EXP_BINARIA TkDisyuncion EXP_BINARIA
    (54) EXP_BINARIA -> . EXP_BINARIA TkIgual EXP_BINARIA
    (55) EXP_BINARIA -> . EXP_BINARIA TkNoIgual EXP_BINARIA
    (56) EXP_BINARIA -> . EXP_BINARIA TkMenorIgual EXP_BINARIA
    (57) EXP_BINARIA -> . EXP_BINARIA TkMayorIgual EXP_BINARIA
    (58) EXP_BINARIA -> . EXP_BINARIA TkMenor EXP_BINARIA
    (59) EXP_BINARIA -> . EXP_BINARIA TkMayor EXP_BINARIA
    (60) EXP_BINARIA -> . TkParAbre EXP_BINARIA TkParCierra
    (61) EXP_BINARIA -> . TkNegacion EXP_BINARIA
    (62) EXP_BINARIA -> . TkResta EXP_BINARIA
    (63) EXP_BINARIA -> . TkNum
    (64) EXP_BINARIA -> . TkMe
    (65) EXP_BINARIA -> . TkTrue
    (66) EXP_BINARIA -> . TkFalse
    (67) EXP_BINARIA -> . TkIdent
    (68) EXP_BINARIA -> . TkCaracter

    TkParAbre       shift and go to state 29
    TkNegacion      shift and go to state 30
    TkResta         shift and go to state 28
    TkNum           shift and go to state 31
    TkMe            shift and go to state 32
    TkTrue          shift and go to state 33
    TkFalse         shift and go to state 34
    TkIdent         shift and go to state 35
    TkCaracter      shift and go to state 36

    EXP_BINARIA                    shift and go to state 27

state 17

    (44) SIMPLE_INSTRUCTION_E -> TkWhile . EXP_BINARIA TkDosPuntos INSTRUCTION_E TkEnd
    (47) EXP_BINARIA -> . EXP_BINARIA TkSuma EXP_BINARIA
    (48) EXP_BINARIA -> . EXP_BINARIA TkResta EXP_BINARIA
    (49) EXP_BINARIA -> . EXP_BINARIA TkMult EXP_BINARIA
    (50) EXP_BINARIA -> . EXP_BINARIA TkDiv EXP_BINARIA
    (51) EXP_BINARIA -> . EXP_BINARIA TkMod EXP_BINARIA
    (52) EXP_BINARIA -> . EXP_BINARIA TkConjuncion EXP_BINARIA
    (53) EXP_BINARIA -> . EXP_BINARIA TkDisyuncion EXP_BINARIA
    (54) EXP_BINARIA -> . EXP_BINARIA TkIgual EXP_BINARIA
    (55) EXP_BINARIA -> . EXP_BINARIA TkNoIgual EXP_BINARIA
    (56) EXP_BINARIA -> . EXP_BINARIA TkMenorIgual EXP_BINARIA
    (57) EXP_BINARIA -> . EXP_BINARIA TkMayorIgual EXP_BINARIA
    (58) EXP_BINARIA -> . EXP_BINARIA TkMenor EXP_BINARIA
    (59) EXP_BINARIA -> . EXP_BINARIA TkMayor EXP_BINARIA
    (60) EXP_BINARIA -> . TkParAbre EXP_BINARIA TkParCierra
    (61) EXP_BINARIA -> . TkNegacion EXP_BINARIA
    (62) EXP_BINARIA -> . TkResta EXP_BINARIA
    (63) EXP_BINARIA -> . TkNum
    (64) EXP_BINARIA -> . TkMe
    (65) EXP_BINARIA -> . TkTrue
    (66) EXP_BINARIA -> . TkFalse
    (67) EXP_BINARIA -> . TkIdent
    (68) EXP_BINARIA -> . TkCaracter

    TkParAbre       shift and go to state 29
    TkNegacion      shift and go to state 30
    TkResta         shift and go to state 28
    TkNum           shift and go to state 31
    TkMe            shift and go to state 32
    TkTrue          shift and go to state 33
    TkFalse         shift and go to state 34
    TkIdent         shift and go to state 35
    TkCaracter      shift and go to state 36

    EXP_BINARIA                    shift and go to state 37

state 18

    (45) SIMPLE_INSTRUCTION_E -> CREATE . EXECUTE CLOSE_SCOPE
    (46) EXECUTE -> . TkExecute INSTRUCTION_E TkEnd

    TkExecute       shift and go to state 7

    EXECUTE                        shift and go to state 38

state 19

    (2) CREATE -> TkCreate OPEN_SCOPE DECLARATIONS .
    (6) DECLARATIONS -> DECLARATIONS . TYPE TkBot IDENT_LIST REGISTER_ROBOTS ACTIONS TkEnd
    (9) TYPE -> . TkInt
    (10) TYPE -> . TkBool
    (11) TYPE -> . TkCaracter

    TkExecute       reduce using rule 2 (CREATE -> TkCreate OPEN_SCOPE DECLARATIONS .)
    TkInt           shift and go to state 40
    TkBool          shift and go to state 41
    TkCaracter      shift and go to state 42

    TYPE                           shift and go to state 39

state 20

    (8) DECLARATIONS -> empty .

    TkInt           reduce using rule 8 (DECLARATIONS -> empty .)
    TkBool          reduce using rule 8 (DECLARATIONS -> empty .)
    TkCaracter      reduce using rule 8 (DECLARATIONS -> empty .)
    TkExecute       reduce using rule 8 (DECLARATIONS -> empty .)


state 21

    (46) EXECUTE -> TkExecute INSTRUCTION_E TkEnd .

    $end            reduce using rule 46 (EXECUTE -> TkExecute INSTRUCTION_E TkEnd .)
    TkEnd           reduce using rule 46 (EXECUTE -> TkExecute INSTRUCTION_E TkEnd .)
    TkActivate      reduce using rule 46 (EXECUTE -> TkExecute INSTRUCTION_E TkEnd .)
    TkDeactivate    reduce using rule 46 (EXECUTE -> TkExecute INSTRUCTION_E TkEnd .)
    TkAdvance       reduce using rule 46 (EXECUTE -> TkExecute INSTRUCTION_E TkEnd .)
    TkIf            reduce using rule 46 (EXECUTE -> TkExecute INSTRUCTION_E TkEnd .)
    TkWhile         reduce using rule 46 (EXECUTE -> TkExecute INSTRUCTION_E TkEnd .)
    TkCreate        reduce using rule 46 (EXECUTE -> TkExecute INSTRUCTION_E TkEnd .)
    TkExecute       reduce using rule 46 (EXECUTE -> TkExecute INSTRUCTION_E TkEnd .)
    TkElse          reduce using rule 46 (EXECUTE -> TkExecute INSTRUCTION_E TkEnd .)


state 22

    (24) INSTRUCTION_E -> INSTRUCTION_E SIMPLE_INSTRUCTION_E .

    TkEnd           reduce using rule 24 (INSTRUCTION_E -> INSTRUCTION_E SIMPLE_INSTRUCTION_E .)
    TkActivate      reduce using rule 24 (INSTRUCTION_E -> INSTRUCTION_E SIMPLE_INSTRUCTION_E .)
    TkDeactivate    reduce using rule 24 (INSTRUCTION_E -> INSTRUCTION_E SIMPLE_INSTRUCTION_E .)
    TkAdvance       reduce using rule 24 (INSTRUCTION_E -> INSTRUCTION_E SIMPLE_INSTRUCTION_E .)
    TkIf            reduce using rule 24 (INSTRUCTION_E -> INSTRUCTION_E SIMPLE_INSTRUCTION_E .)
    TkWhile         reduce using rule 24 (INSTRUCTION_E -> INSTRUCTION_E SIMPLE_INSTRUCTION_E .)
    TkCreate        reduce using rule 24 (INSTRUCTION_E -> INSTRUCTION_E SIMPLE_INSTRUCTION_E .)
    TkExecute       reduce using rule 24 (INSTRUCTION_E -> INSTRUCTION_E SIMPLE_INSTRUCTION_E .)
    TkElse          reduce using rule 24 (INSTRUCTION_E -> INSTRUCTION_E SIMPLE_INSTRUCTION_E .)


state 23

    (39) SIMPLE_INSTRUCTION_E -> TkActivate IDENT_LIST . TkPunto
    (13) IDENT_LIST -> IDENT_LIST . TkComa TkIdent

    TkPunto         shift and go to state 43
    TkComa          shift and go to state 44


state 24

    (12) IDENT_LIST -> TkIdent .

    TkPunto         reduce using rule 12 (IDENT_LIST -> TkIdent .)
    TkComa          reduce using rule 12 (IDENT_LIST -> TkIdent .)
    TkEnd           reduce using rule 12 (IDENT_LIST -> TkIdent .)
    TkOn            reduce using rule 12 (IDENT_LIST -> TkIdent .)


state 25

    (40) SIMPLE_INSTRUCTION_E -> TkDeactivate IDENT_LIST . TkPunto
    (13) IDENT_LIST -> IDENT_LIST . TkComa TkIdent

    TkPunto         shift and go to state 45
    TkComa          shift and go to state 44


state 26

    (41) SIMPLE_INSTRUCTION_E -> TkAdvance IDENT_LIST . TkPunto
    (13) IDENT_LIST -> IDENT_LIST . TkComa TkIdent

    TkPunto         shift and go to state 46
    TkComa          shift and go to state 44


state 27

    (42) SIMPLE_INSTRUCTION_E -> TkIf EXP_BINARIA . TkDosPuntos INSTRUCTION_E TkEnd
    (43) SIMPLE_INSTRUCTION_E -> TkIf EXP_BINARIA . TkDosPuntos INSTRUCTION_E TkElse TkDosPuntos INSTRUCTION_E TkEnd
    (47) EXP_BINARIA -> EXP_BINARIA . TkSuma EXP_BINARIA
    (48) EXP_BINARIA -> EXP_BINARIA . TkResta EXP_BINARIA
    (49) EXP_BINARIA -> EXP_BINARIA . TkMult EXP_BINARIA
    (50) EXP_BINARIA -> EXP_BINARIA . TkDiv EXP_BINARIA
    (51) EXP_BINARIA -> EXP_BINARIA . TkMod EXP_BINARIA
    (52) EXP_BINARIA -> EXP_BINARIA . TkConjuncion EXP_BINARIA
    (53) EXP_BINARIA -> EXP_BINARIA . TkDisyuncion EXP_BINARIA
    (54) EXP_BINARIA -> EXP_BINARIA . TkIgual EXP_BINARIA
    (55) EXP_BINARIA -> EXP_BINARIA . TkNoIgual EXP_BINARIA
    (56) EXP_BINARIA -> EXP_BINARIA . TkMenorIgual EXP_BINARIA
    (57) EXP_BINARIA -> EXP_BINARIA . TkMayorIgual EXP_BINARIA
    (58) EXP_BINARIA -> EXP_BINARIA . TkMenor EXP_BINARIA
    (59) EXP_BINARIA -> EXP_BINARIA . TkMayor EXP_BINARIA

    TkDosPuntos     shift and go to state 47
    TkSuma          shift and go to state 48
    TkResta         shift and go to state 49
    TkMult          shift and go to state 50
    TkDiv           shift and go to state 51
    TkMod           shift and go to state 52
    TkConjuncion    shift and go to state 53
    TkDisyuncion    shift and go to state 54
    TkIgual         shift and go to state 55
    TkNoIgual       shift and go to state 56
    TkMenorIgual    shift and go to state 57
    TkMayorIgual    shift and go to state 58
    TkMenor         shift and go to state 59
    TkMayor         shift and go to state 60


state 28

    (62) EXP_BINARIA -> TkResta . EXP_BINARIA
    (47) EXP_BINARIA -> . EXP_BINARIA TkSuma EXP_BINARIA
    (48) EXP_BINARIA -> . EXP_BINARIA TkResta EXP_BINARIA
    (49) EXP_BINARIA -> . EXP_BINARIA TkMult EXP_BINARIA
    (50) EXP_BINARIA -> . EXP_BINARIA TkDiv EXP_BINARIA
    (51) EXP_BINARIA -> . EXP_BINARIA TkMod EXP_BINARIA
    (52) EXP_BINARIA -> . EXP_BINARIA TkConjuncion EXP_BINARIA
    (53) EXP_BINARIA -> . EXP_BINARIA TkDisyuncion EXP_BINARIA
    (54) EXP_BINARIA -> . EXP_BINARIA TkIgual EXP_BINARIA
    (55) EXP_BINARIA -> . EXP_BINARIA TkNoIgual EXP_BINARIA
    (56) EXP_BINARIA -> . EXP_BINARIA TkMenorIgual EXP_BINARIA
    (57) EXP_BINARIA -> . EXP_BINARIA TkMayorIgual EXP_BINARIA
    (58) EXP_BINARIA -> . EXP_BINARIA TkMenor EXP_BINARIA
    (59) EXP_BINARIA -> . EXP_BINARIA TkMayor EXP_BINARIA
    (60) EXP_BINARIA -> . TkParAbre EXP_BINARIA TkParCierra
    (61) EXP_BINARIA -> . TkNegacion EXP_BINARIA
    (62) EXP_BINARIA -> . TkResta EXP_BINARIA
    (63) EXP_BINARIA -> . TkNum
    (64) EXP_BINARIA -> . TkMe
    (65) EXP_BINARIA -> . TkTrue
    (66) EXP_BINARIA -> . TkFalse
    (67) EXP_BINARIA -> . TkIdent
    (68) EXP_BINARIA -> . TkCaracter

    TkParAbre       shift and go to state 29
    TkNegacion      shift and go to state 30
    TkResta         shift and go to state 28
    TkNum           shift and go to state 31
    TkMe            shift and go to state 32
    TkTrue          shift and go to state 33
    TkFalse         shift and go to state 34
    TkIdent         shift and go to state 35
    TkCaracter      shift and go to state 36

    EXP_BINARIA                    shift and go to state 61

state 29

    (60) EXP_BINARIA -> TkParAbre . EXP_BINARIA TkParCierra
    (47) EXP_BINARIA -> . EXP_BINARIA TkSuma EXP_BINARIA
    (48) EXP_BINARIA -> . EXP_BINARIA TkResta EXP_BINARIA
    (49) EXP_BINARIA -> . EXP_BINARIA TkMult EXP_BINARIA
    (50) EXP_BINARIA -> . EXP_BINARIA TkDiv EXP_BINARIA
    (51) EXP_BINARIA -> . EXP_BINARIA TkMod EXP_BINARIA
    (52) EXP_BINARIA -> . EXP_BINARIA TkConjuncion EXP_BINARIA
    (53) EXP_BINARIA -> . EXP_BINARIA TkDisyuncion EXP_BINARIA
    (54) EXP_BINARIA -> . EXP_BINARIA TkIgual EXP_BINARIA
    (55) EXP_BINARIA -> . EXP_BINARIA TkNoIgual EXP_BINARIA
    (56) EXP_BINARIA -> . EXP_BINARIA TkMenorIgual EXP_BINARIA
    (57) EXP_BINARIA -> . EXP_BINARIA TkMayorIgual EXP_BINARIA
    (58) EXP_BINARIA -> . EXP_BINARIA TkMenor EXP_BINARIA
    (59) EXP_BINARIA -> . EXP_BINARIA TkMayor EXP_BINARIA
    (60) EXP_BINARIA -> . TkParAbre EXP_BINARIA TkParCierra
    (61) EXP_BINARIA -> . TkNegacion EXP_BINARIA
    (62) EXP_BINARIA -> . TkResta EXP_BINARIA
    (63) EXP_BINARIA -> . TkNum
    (64) EXP_BINARIA -> . TkMe
    (65) EXP_BINARIA -> . TkTrue
    (66) EXP_BINARIA -> . TkFalse
    (67) EXP_BINARIA -> . TkIdent
    (68) EXP_BINARIA -> . TkCaracter

    TkParAbre       shift and go to state 29
    TkNegacion      shift and go to state 30
    TkResta         shift and go to state 28
    TkNum           shift and go to state 31
    TkMe            shift and go to state 32
    TkTrue          shift and go to state 33
    TkFalse         shift and go to state 34
    TkIdent         shift and go to state 35
    TkCaracter      shift and go to state 36

    EXP_BINARIA                    shift and go to state 62

state 30

    (61) EXP_BINARIA -> TkNegacion . EXP_BINARIA
    (47) EXP_BINARIA -> . EXP_BINARIA TkSuma EXP_BINARIA
    (48) EXP_BINARIA -> . EXP_BINARIA TkResta EXP_BINARIA
    (49) EXP_BINARIA -> . EXP_BINARIA TkMult EXP_BINARIA
    (50) EXP_BINARIA -> . EXP_BINARIA TkDiv EXP_BINARIA
    (51) EXP_BINARIA -> . EXP_BINARIA TkMod EXP_BINARIA
    (52) EXP_BINARIA -> . EXP_BINARIA TkConjuncion EXP_BINARIA
    (53) EXP_BINARIA -> . EXP_BINARIA TkDisyuncion EXP_BINARIA
    (54) EXP_BINARIA -> . EXP_BINARIA TkIgual EXP_BINARIA
    (55) EXP_BINARIA -> . EXP_BINARIA TkNoIgual EXP_BINARIA
    (56) EXP_BINARIA -> . EXP_BINARIA TkMenorIgual EXP_BINARIA
    (57) EXP_BINARIA -> . EXP_BINARIA TkMayorIgual EXP_BINARIA
    (58) EXP_BINARIA -> . EXP_BINARIA TkMenor EXP_BINARIA
    (59) EXP_BINARIA -> . EXP_BINARIA TkMayor EXP_BINARIA
    (60) EXP_BINARIA -> . TkParAbre EXP_BINARIA TkParCierra
    (61) EXP_BINARIA -> . TkNegacion EXP_BINARIA
    (62) EXP_BINARIA -> . TkResta EXP_BINARIA
    (63) EXP_BINARIA -> . TkNum
    (64) EXP_BINARIA -> . TkMe
    (65) EXP_BINARIA -> . TkTrue
    (66) EXP_BINARIA -> . TkFalse
    (67) EXP_BINARIA -> . TkIdent
    (68) EXP_BINARIA -> . TkCaracter

    TkParAbre       shift and go to state 29
    TkNegacion      shift and go to state 30
    TkResta         shift and go to state 28
    TkNum           shift and go to state 31
    TkMe            shift and go to state 32
    TkTrue          shift and go to state 33
    TkFalse         shift and go to state 34
    TkIdent         shift and go to state 35
    TkCaracter      shift and go to state 36

    EXP_BINARIA                    shift and go to state 63

state 31

    (63) EXP_BINARIA -> TkNum .

    TkDosPuntos     reduce using rule 63 (EXP_BINARIA -> TkNum .)
    TkSuma          reduce using rule 63 (EXP_BINARIA -> TkNum .)
    TkResta         reduce using rule 63 (EXP_BINARIA -> TkNum .)
    TkMult          reduce using rule 63 (EXP_BINARIA -> TkNum .)
    TkDiv           reduce using rule 63 (EXP_BINARIA -> TkNum .)
    TkMod           reduce using rule 63 (EXP_BINARIA -> TkNum .)
    TkConjuncion    reduce using rule 63 (EXP_BINARIA -> TkNum .)
    TkDisyuncion    reduce using rule 63 (EXP_BINARIA -> TkNum .)
    TkIgual         reduce using rule 63 (EXP_BINARIA -> TkNum .)
    TkNoIgual       reduce using rule 63 (EXP_BINARIA -> TkNum .)
    TkMenorIgual    reduce using rule 63 (EXP_BINARIA -> TkNum .)
    TkMayorIgual    reduce using rule 63 (EXP_BINARIA -> TkNum .)
    TkMenor         reduce using rule 63 (EXP_BINARIA -> TkNum .)
    TkMayor         reduce using rule 63 (EXP_BINARIA -> TkNum .)
    TkParCierra     reduce using rule 63 (EXP_BINARIA -> TkNum .)
    TkPunto         reduce using rule 63 (EXP_BINARIA -> TkNum .)


state 32

    (64) EXP_BINARIA -> TkMe .

    TkDosPuntos     reduce using rule 64 (EXP_BINARIA -> TkMe .)
    TkSuma          reduce using rule 64 (EXP_BINARIA -> TkMe .)
    TkResta         reduce using rule 64 (EXP_BINARIA -> TkMe .)
    TkMult          reduce using rule 64 (EXP_BINARIA -> TkMe .)
    TkDiv           reduce using rule 64 (EXP_BINARIA -> TkMe .)
    TkMod           reduce using rule 64 (EXP_BINARIA -> TkMe .)
    TkConjuncion    reduce using rule 64 (EXP_BINARIA -> TkMe .)
    TkDisyuncion    reduce using rule 64 (EXP_BINARIA -> TkMe .)
    TkIgual         reduce using rule 64 (EXP_BINARIA -> TkMe .)
    TkNoIgual       reduce using rule 64 (EXP_BINARIA -> TkMe .)
    TkMenorIgual    reduce using rule 64 (EXP_BINARIA -> TkMe .)
    TkMayorIgual    reduce using rule 64 (EXP_BINARIA -> TkMe .)
    TkMenor         reduce using rule 64 (EXP_BINARIA -> TkMe .)
    TkMayor         reduce using rule 64 (EXP_BINARIA -> TkMe .)
    TkParCierra     reduce using rule 64 (EXP_BINARIA -> TkMe .)
    TkPunto         reduce using rule 64 (EXP_BINARIA -> TkMe .)


state 33

    (65) EXP_BINARIA -> TkTrue .

    TkDosPuntos     reduce using rule 65 (EXP_BINARIA -> TkTrue .)
    TkSuma          reduce using rule 65 (EXP_BINARIA -> TkTrue .)
    TkResta         reduce using rule 65 (EXP_BINARIA -> TkTrue .)
    TkMult          reduce using rule 65 (EXP_BINARIA -> TkTrue .)
    TkDiv           reduce using rule 65 (EXP_BINARIA -> TkTrue .)
    TkMod           reduce using rule 65 (EXP_BINARIA -> TkTrue .)
    TkConjuncion    reduce using rule 65 (EXP_BINARIA -> TkTrue .)
    TkDisyuncion    reduce using rule 65 (EXP_BINARIA -> TkTrue .)
    TkIgual         reduce using rule 65 (EXP_BINARIA -> TkTrue .)
    TkNoIgual       reduce using rule 65 (EXP_BINARIA -> TkTrue .)
    TkMenorIgual    reduce using rule 65 (EXP_BINARIA -> TkTrue .)
    TkMayorIgual    reduce using rule 65 (EXP_BINARIA -> TkTrue .)
    TkMenor         reduce using rule 65 (EXP_BINARIA -> TkTrue .)
    TkMayor         reduce using rule 65 (EXP_BINARIA -> TkTrue .)
    TkParCierra     reduce using rule 65 (EXP_BINARIA -> TkTrue .)
    TkPunto         reduce using rule 65 (EXP_BINARIA -> TkTrue .)


state 34

    (66) EXP_BINARIA -> TkFalse .

    TkDosPuntos     reduce using rule 66 (EXP_BINARIA -> TkFalse .)
    TkSuma          reduce using rule 66 (EXP_BINARIA -> TkFalse .)
    TkResta         reduce using rule 66 (EXP_BINARIA -> TkFalse .)
    TkMult          reduce using rule 66 (EXP_BINARIA -> TkFalse .)
    TkDiv           reduce using rule 66 (EXP_BINARIA -> TkFalse .)
    TkMod           reduce using rule 66 (EXP_BINARIA -> TkFalse .)
    TkConjuncion    reduce using rule 66 (EXP_BINARIA -> TkFalse .)
    TkDisyuncion    reduce using rule 66 (EXP_BINARIA -> TkFalse .)
    TkIgual         reduce using rule 66 (EXP_BINARIA -> TkFalse .)
    TkNoIgual       reduce using rule 66 (EXP_BINARIA -> TkFalse .)
    TkMenorIgual    reduce using rule 66 (EXP_BINARIA -> TkFalse .)
    TkMayorIgual    reduce using rule 66 (EXP_BINARIA -> TkFalse .)
    TkMenor         reduce using rule 66 (EXP_BINARIA -> TkFalse .)
    TkMayor         reduce using rule 66 (EXP_BINARIA -> TkFalse .)
    TkParCierra     reduce using rule 66 (EXP_BINARIA -> TkFalse .)
    TkPunto         reduce using rule 66 (EXP_BINARIA -> TkFalse .)


state 35

    (67) EXP_BINARIA -> TkIdent .

    TkDosPuntos     reduce using rule 67 (EXP_BINARIA -> TkIdent .)
    TkSuma          reduce using rule 67 (EXP_BINARIA -> TkIdent .)
    TkResta         reduce using rule 67 (EXP_BINARIA -> TkIdent .)
    TkMult          reduce using rule 67 (EXP_BINARIA -> TkIdent .)
    TkDiv           reduce using rule 67 (EXP_BINARIA -> TkIdent .)
    TkMod           reduce using rule 67 (EXP_BINARIA -> TkIdent .)
    TkConjuncion    reduce using rule 67 (EXP_BINARIA -> TkIdent .)
    TkDisyuncion    reduce using rule 67 (EXP_BINARIA -> TkIdent .)
    TkIgual         reduce using rule 67 (EXP_BINARIA -> TkIdent .)
    TkNoIgual       reduce using rule 67 (EXP_BINARIA -> TkIdent .)
    TkMenorIgual    reduce using rule 67 (EXP_BINARIA -> TkIdent .)
    TkMayorIgual    reduce using rule 67 (EXP_BINARIA -> TkIdent .)
    TkMenor         reduce using rule 67 (EXP_BINARIA -> TkIdent .)
    TkMayor         reduce using rule 67 (EXP_BINARIA -> TkIdent .)
    TkParCierra     reduce using rule 67 (EXP_BINARIA -> TkIdent .)
    TkPunto         reduce using rule 67 (EXP_BINARIA -> TkIdent .)


state 36

    (68) EXP_BINARIA -> TkCaracter .

    TkDosPuntos     reduce using rule 68 (EXP_BINARIA -> TkCaracter .)
    TkSuma          reduce using rule 68 (EXP_BINARIA -> TkCaracter .)
    TkResta         reduce using rule 68 (EXP_BINARIA -> TkCaracter .)
    TkMult          reduce using rule 68 (EXP_BINARIA -> TkCaracter .)
    TkDiv           reduce using rule 68 (EXP_BINARIA -> TkCaracter .)
    TkMod           reduce using rule 68 (EXP_BINARIA -> TkCaracter .)
    TkConjuncion    reduce using rule 68 (EXP_BINARIA -> TkCaracter .)
    TkDisyuncion    reduce using rule 68 (EXP_BINARIA -> TkCaracter .)
    TkIgual         reduce using rule 68 (EXP_BINARIA -> TkCaracter .)
    TkNoIgual       reduce using rule 68 (EXP_BINARIA -> TkCaracter .)
    TkMenorIgual    reduce using rule 68 (EXP_BINARIA -> TkCaracter .)
    TkMayorIgual    reduce using rule 68 (EXP_BINARIA -> TkCaracter .)
    TkMenor         reduce using rule 68 (EXP_BINARIA -> TkCaracter .)
    TkMayor         reduce using rule 68 (EXP_BINARIA -> TkCaracter .)
    TkParCierra     reduce using rule 68 (EXP_BINARIA -> TkCaracter .)
    TkPunto         reduce using rule 68 (EXP_BINARIA -> TkCaracter .)


state 37

    (44) SIMPLE_INSTRUCTION_E -> TkWhile EXP_BINARIA . TkDosPuntos INSTRUCTION_E TkEnd
    (47) EXP_BINARIA -> EXP_BINARIA . TkSuma EXP_BINARIA
    (48) EXP_BINARIA -> EXP_BINARIA . TkResta EXP_BINARIA
    (49) EXP_BINARIA -> EXP_BINARIA . TkMult EXP_BINARIA
    (50) EXP_BINARIA -> EXP_BINARIA . TkDiv EXP_BINARIA
    (51) EXP_BINARIA -> EXP_BINARIA . TkMod EXP_BINARIA
    (52) EXP_BINARIA -> EXP_BINARIA . TkConjuncion EXP_BINARIA
    (53) EXP_BINARIA -> EXP_BINARIA . TkDisyuncion EXP_BINARIA
    (54) EXP_BINARIA -> EXP_BINARIA . TkIgual EXP_BINARIA
    (55) EXP_BINARIA -> EXP_BINARIA . TkNoIgual EXP_BINARIA
    (56) EXP_BINARIA -> EXP_BINARIA . TkMenorIgual EXP_BINARIA
    (57) EXP_BINARIA -> EXP_BINARIA . TkMayorIgual EXP_BINARIA
    (58) EXP_BINARIA -> EXP_BINARIA . TkMenor EXP_BINARIA
    (59) EXP_BINARIA -> EXP_BINARIA . TkMayor EXP_BINARIA

    TkDosPuntos     shift and go to state 64
    TkSuma          shift and go to state 48
    TkResta         shift and go to state 49
    TkMult          shift and go to state 50
    TkDiv           shift and go to state 51
    TkMod           shift and go to state 52
    TkConjuncion    shift and go to state 53
    TkDisyuncion    shift and go to state 54
    TkIgual         shift and go to state 55
    TkNoIgual       shift and go to state 56
    TkMenorIgual    shift and go to state 57
    TkMayorIgual    shift and go to state 58
    TkMenor         shift and go to state 59
    TkMayor         shift and go to state 60


state 38

    (45) SIMPLE_INSTRUCTION_E -> CREATE EXECUTE . CLOSE_SCOPE
    (5) CLOSE_SCOPE -> . empty
    (69) empty -> .

    TkEnd           reduce using rule 69 (empty -> .)
    TkActivate      reduce using rule 69 (empty -> .)
    TkDeactivate    reduce using rule 69 (empty -> .)
    TkAdvance       reduce using rule 69 (empty -> .)
    TkIf            reduce using rule 69 (empty -> .)
    TkWhile         reduce using rule 69 (empty -> .)
    TkCreate        reduce using rule 69 (empty -> .)
    TkExecute       reduce using rule 69 (empty -> .)
    TkElse          reduce using rule 69 (empty -> .)

    CLOSE_SCOPE                    shift and go to state 65
    empty                          shift and go to state 10

state 39

    (6) DECLARATIONS -> DECLARATIONS TYPE . TkBot IDENT_LIST REGISTER_ROBOTS ACTIONS TkEnd

    TkBot           shift and go to state 66


state 40

    (9) TYPE -> TkInt .

    TkBot           reduce using rule 9 (TYPE -> TkInt .)


state 41

    (10) TYPE -> TkBool .

    TkBot           reduce using rule 10 (TYPE -> TkBool .)


state 42

    (11) TYPE -> TkCaracter .

    TkBot           reduce using rule 11 (TYPE -> TkCaracter .)


state 43

    (39) SIMPLE_INSTRUCTION_E -> TkActivate IDENT_LIST TkPunto .

    TkEnd           reduce using rule 39 (SIMPLE_INSTRUCTION_E -> TkActivate IDENT_LIST TkPunto .)
    TkActivate      reduce using rule 39 (SIMPLE_INSTRUCTION_E -> TkActivate IDENT_LIST TkPunto .)
    TkDeactivate    reduce using rule 39 (SIMPLE_INSTRUCTION_E -> TkActivate IDENT_LIST TkPunto .)
    TkAdvance       reduce using rule 39 (SIMPLE_INSTRUCTION_E -> TkActivate IDENT_LIST TkPunto .)
    TkIf            reduce using rule 39 (SIMPLE_INSTRUCTION_E -> TkActivate IDENT_LIST TkPunto .)
    TkWhile         reduce using rule 39 (SIMPLE_INSTRUCTION_E -> TkActivate IDENT_LIST TkPunto .)
    TkCreate        reduce using rule 39 (SIMPLE_INSTRUCTION_E -> TkActivate IDENT_LIST TkPunto .)
    TkExecute       reduce using rule 39 (SIMPLE_INSTRUCTION_E -> TkActivate IDENT_LIST TkPunto .)
    TkElse          reduce using rule 39 (SIMPLE_INSTRUCTION_E -> TkActivate IDENT_LIST TkPunto .)


state 44

    (13) IDENT_LIST -> IDENT_LIST TkComa . TkIdent

    TkIdent         shift and go to state 67


state 45

    (40) SIMPLE_INSTRUCTION_E -> TkDeactivate IDENT_LIST TkPunto .

    TkEnd           reduce using rule 40 (SIMPLE_INSTRUCTION_E -> TkDeactivate IDENT_LIST TkPunto .)
    TkActivate      reduce using rule 40 (SIMPLE_INSTRUCTION_E -> TkDeactivate IDENT_LIST TkPunto .)
    TkDeactivate    reduce using rule 40 (SIMPLE_INSTRUCTION_E -> TkDeactivate IDENT_LIST TkPunto .)
    TkAdvance       reduce using rule 40 (SIMPLE_INSTRUCTION_E -> TkDeactivate IDENT_LIST TkPunto .)
    TkIf            reduce using rule 40 (SIMPLE_INSTRUCTION_E -> TkDeactivate IDENT_LIST TkPunto .)
    TkWhile         reduce using rule 40 (SIMPLE_INSTRUCTION_E -> TkDeactivate IDENT_LIST TkPunto .)
    TkCreate        reduce using rule 40 (SIMPLE_INSTRUCTION_E -> TkDeactivate IDENT_LIST TkPunto .)
    TkExecute       reduce using rule 40 (SIMPLE_INSTRUCTION_E -> TkDeactivate IDENT_LIST TkPunto .)
    TkElse          reduce using rule 40 (SIMPLE_INSTRUCTION_E -> TkDeactivate IDENT_LIST TkPunto .)


state 46

    (41) SIMPLE_INSTRUCTION_E -> TkAdvance IDENT_LIST TkPunto .

    TkEnd           reduce using rule 41 (SIMPLE_INSTRUCTION_E -> TkAdvance IDENT_LIST TkPunto .)
    TkActivate      reduce using rule 41 (SIMPLE_INSTRUCTION_E -> TkAdvance IDENT_LIST TkPunto .)
    TkDeactivate    reduce using rule 41 (SIMPLE_INSTRUCTION_E -> TkAdvance IDENT_LIST TkPunto .)
    TkAdvance       reduce using rule 41 (SIMPLE_INSTRUCTION_E -> TkAdvance IDENT_LIST TkPunto .)
    TkIf            reduce using rule 41 (SIMPLE_INSTRUCTION_E -> TkAdvance IDENT_LIST TkPunto .)
    TkWhile         reduce using rule 41 (SIMPLE_INSTRUCTION_E -> TkAdvance IDENT_LIST TkPunto .)
    TkCreate        reduce using rule 41 (SIMPLE_INSTRUCTION_E -> TkAdvance IDENT_LIST TkPunto .)
    TkExecute       reduce using rule 41 (SIMPLE_INSTRUCTION_E -> TkAdvance IDENT_LIST TkPunto .)
    TkElse          reduce using rule 41 (SIMPLE_INSTRUCTION_E -> TkAdvance IDENT_LIST TkPunto .)


state 47

    (42) SIMPLE_INSTRUCTION_E -> TkIf EXP_BINARIA TkDosPuntos . INSTRUCTION_E TkEnd
    (43) SIMPLE_INSTRUCTION_E -> TkIf EXP_BINARIA TkDosPuntos . INSTRUCTION_E TkElse TkDosPuntos INSTRUCTION_E TkEnd
    (24) INSTRUCTION_E -> . INSTRUCTION_E SIMPLE_INSTRUCTION_E
    (25) INSTRUCTION_E -> . SIMPLE_INSTRUCTION_E
    (39) SIMPLE_INSTRUCTION_E -> . TkActivate IDENT_LIST TkPunto
    (40) SIMPLE_INSTRUCTION_E -> . TkDeactivate IDENT_LIST TkPunto
    (41) SIMPLE_INSTRUCTION_E -> . TkAdvance IDENT_LIST TkPunto
    (42) SIMPLE_INSTRUCTION_E -> . TkIf EXP_BINARIA TkDosPuntos INSTRUCTION_E TkEnd
    (43) SIMPLE_INSTRUCTION_E -> . TkIf EXP_BINARIA TkDosPuntos INSTRUCTION_E TkElse TkDosPuntos INSTRUCTION_E TkEnd
    (44) SIMPLE_INSTRUCTION_E -> . TkWhile EXP_BINARIA TkDosPuntos INSTRUCTION_E TkEnd
    (45) SIMPLE_INSTRUCTION_E -> . CREATE EXECUTE CLOSE_SCOPE
    (2) CREATE -> . TkCreate OPEN_SCOPE DECLARATIONS
    (3) CREATE -> . OPEN_SCOPE
    (4) OPEN_SCOPE -> . empty
    (69) empty -> .

    TkActivate      shift and go to state 13
    TkDeactivate    shift and go to state 14
    TkAdvance       shift and go to state 15
    TkIf            shift and go to state 16
    TkWhile         shift and go to state 17
    TkCreate        shift and go to state 3
    TkExecute       reduce using rule 69 (empty -> .)

    INSTRUCTION_E                  shift and go to state 68
    SIMPLE_INSTRUCTION_E           shift and go to state 12
    CREATE                         shift and go to state 18
    OPEN_SCOPE                     shift and go to state 4
    empty                          shift and go to state 5

state 48

    (47) EXP_BINARIA -> EXP_BINARIA TkSuma . EXP_BINARIA
    (47) EXP_BINARIA -> . EXP_BINARIA TkSuma EXP_BINARIA
    (48) EXP_BINARIA -> . EXP_BINARIA TkResta EXP_BINARIA
    (49) EXP_BINARIA -> . EXP_BINARIA TkMult EXP_BINARIA
    (50) EXP_BINARIA -> . EXP_BINARIA TkDiv EXP_BINARIA
    (51) EXP_BINARIA -> . EXP_BINARIA TkMod EXP_BINARIA
    (52) EXP_BINARIA -> . EXP_BINARIA TkConjuncion EXP_BINARIA
    (53) EXP_BINARIA -> . EXP_BINARIA TkDisyuncion EXP_BINARIA
    (54) EXP_BINARIA -> . EXP_BINARIA TkIgual EXP_BINARIA
    (55) EXP_BINARIA -> . EXP_BINARIA TkNoIgual EXP_BINARIA
    (56) EXP_BINARIA -> . EXP_BINARIA TkMenorIgual EXP_BINARIA
    (57) EXP_BINARIA -> . EXP_BINARIA TkMayorIgual EXP_BINARIA
    (58) EXP_BINARIA -> . EXP_BINARIA TkMenor EXP_BINARIA
    (59) EXP_BINARIA -> . EXP_BINARIA TkMayor EXP_BINARIA
    (60) EXP_BINARIA -> . TkParAbre EXP_BINARIA TkParCierra
    (61) EXP_BINARIA -> . TkNegacion EXP_BINARIA
    (62) EXP_BINARIA -> . TkResta EXP_BINARIA
    (63) EXP_BINARIA -> . TkNum
    (64) EXP_BINARIA -> . TkMe
    (65) EXP_BINARIA -> . TkTrue
    (66) EXP_BINARIA -> . TkFalse
    (67) EXP_BINARIA -> . TkIdent
    (68) EXP_BINARIA -> . TkCaracter

    TkParAbre       shift and go to state 29
    TkNegacion      shift and go to state 30
    TkResta         shift and go to state 28
    TkNum           shift and go to state 31
    TkMe            shift and go to state 32
    TkTrue          shift and go to state 33
    TkFalse         shift and go to state 34
    TkIdent         shift and go to state 35
    TkCaracter      shift and go to state 36

    EXP_BINARIA                    shift and go to state 69

state 49

    (48) EXP_BINARIA -> EXP_BINARIA TkResta . EXP_BINARIA
    (47) EXP_BINARIA -> . EXP_BINARIA TkSuma EXP_BINARIA
    (48) EXP_BINARIA -> . EXP_BINARIA TkResta EXP_BINARIA
    (49) EXP_BINARIA -> . EXP_BINARIA TkMult EXP_BINARIA
    (50) EXP_BINARIA -> . EXP_BINARIA TkDiv EXP_BINARIA
    (51) EXP_BINARIA -> . EXP_BINARIA TkMod EXP_BINARIA
    (52) EXP_BINARIA -> . EXP_BINARIA TkConjuncion EXP_BINARIA
    (53) EXP_BINARIA -> . EXP_BINARIA TkDisyuncion EXP_BINARIA
    (54) EXP_BINARIA -> . EXP_BINARIA TkIgual EXP_BINARIA
    (55) EXP_BINARIA -> . EXP_BINARIA TkNoIgual EXP_BINARIA
    (56) EXP_BINARIA -> . EXP_BINARIA TkMenorIgual EXP_BINARIA
    (57) EXP_BINARIA -> . EXP_BINARIA TkMayorIgual EXP_BINARIA
    (58) EXP_BINARIA -> . EXP_BINARIA TkMenor EXP_BINARIA
    (59) EXP_BINARIA -> . EXP_BINARIA TkMayor EXP_BINARIA
    (60) EXP_BINARIA -> . TkParAbre EXP_BINARIA TkParCierra
    (61) EXP_BINARIA -> . TkNegacion EXP_BINARIA
    (62) EXP_BINARIA -> . TkResta EXP_BINARIA
    (63) EXP_BINARIA -> . TkNum
    (64) EXP_BINARIA -> . TkMe
    (65) EXP_BINARIA -> . TkTrue
    (66) EXP_BINARIA -> . TkFalse
    (67) EXP_BINARIA -> . TkIdent
    (68) EXP_BINARIA -> . TkCaracter

    TkParAbre       shift and go to state 29
    TkNegacion      shift and go to state 30
    TkResta         shift and go to state 28
    TkNum           shift and go to state 31
    TkMe            shift and go to state 32
    TkTrue          shift and go to state 33
    TkFalse         shift and go to state 34
    TkIdent         shift and go to state 35
    TkCaracter      shift and go to state 36

    EXP_BINARIA                    shift and go to state 70

state 50

    (49) EXP_BINARIA -> EXP_BINARIA TkMult . EXP_BINARIA
    (47) EXP_BINARIA -> . EXP_BINARIA TkSuma EXP_BINARIA
    (48) EXP_BINARIA -> . EXP_BINARIA TkResta EXP_BINARIA
    (49) EXP_BINARIA -> . EXP_BINARIA TkMult EXP_BINARIA
    (50) EXP_BINARIA -> . EXP_BINARIA TkDiv EXP_BINARIA
    (51) EXP_BINARIA -> . EXP_BINARIA TkMod EXP_BINARIA
    (52) EXP_BINARIA -> . EXP_BINARIA TkConjuncion EXP_BINARIA
    (53) EXP_BINARIA -> . EXP_BINARIA TkDisyuncion EXP_BINARIA
    (54) EXP_BINARIA -> . EXP_BINARIA TkIgual EXP_BINARIA
    (55) EXP_BINARIA -> . EXP_BINARIA TkNoIgual EXP_BINARIA
    (56) EXP_BINARIA -> . EXP_BINARIA TkMenorIgual EXP_BINARIA
    (57) EXP_BINARIA -> . EXP_BINARIA TkMayorIgual EXP_BINARIA
    (58) EXP_BINARIA -> . EXP_BINARIA TkMenor EXP_BINARIA
    (59) EXP_BINARIA -> . EXP_BINARIA TkMayor EXP_BINARIA
    (60) EXP_BINARIA -> . TkParAbre EXP_BINARIA TkParCierra
    (61) EXP_BINARIA -> . TkNegacion EXP_BINARIA
    (62) EXP_BINARIA -> . TkResta EXP_BINARIA
    (63) EXP_BINARIA -> . TkNum
    (64) EXP_BINARIA -> . TkMe
    (65) EXP_BINARIA -> . TkTrue
    (66) EXP_BINARIA -> . TkFalse
    (67) EXP_BINARIA -> . TkIdent
    (68) EXP_BINARIA -> . TkCaracter

    TkParAbre       shift and go to state 29
    TkNegacion      shift and go to state 30
    TkResta         shift and go to state 28
    TkNum           shift and go to state 31
    TkMe            shift and go to state 32
    TkTrue          shift and go to state 33
    TkFalse         shift and go to state 34
    TkIdent         shift and go to state 35
    TkCaracter      shift and go to state 36

    EXP_BINARIA                    shift and go to state 71

state 51

    (50) EXP_BINARIA -> EXP_BINARIA TkDiv . EXP_BINARIA
    (47) EXP_BINARIA -> . EXP_BINARIA TkSuma EXP_BINARIA
    (48) EXP_BINARIA -> . EXP_BINARIA TkResta EXP_BINARIA
    (49) EXP_BINARIA -> . EXP_BINARIA TkMult EXP_BINARIA
    (50) EXP_BINARIA -> . EXP_BINARIA TkDiv EXP_BINARIA
    (51) EXP_BINARIA -> . EXP_BINARIA TkMod EXP_BINARIA
    (52) EXP_BINARIA -> . EXP_BINARIA TkConjuncion EXP_BINARIA
    (53) EXP_BINARIA -> . EXP_BINARIA TkDisyuncion EXP_BINARIA
    (54) EXP_BINARIA -> . EXP_BINARIA TkIgual EXP_BINARIA
    (55) EXP_BINARIA -> . EXP_BINARIA TkNoIgual EXP_BINARIA
    (56) EXP_BINARIA -> . EXP_BINARIA TkMenorIgual EXP_BINARIA
    (57) EXP_BINARIA -> . EXP_BINARIA TkMayorIgual EXP_BINARIA
    (58) EXP_BINARIA -> . EXP_BINARIA TkMenor EXP_BINARIA
    (59) EXP_BINARIA -> . EXP_BINARIA TkMayor EXP_BINARIA
    (60) EXP_BINARIA -> . TkParAbre EXP_BINARIA TkParCierra
    (61) EXP_BINARIA -> . TkNegacion EXP_BINARIA
    (62) EXP_BINARIA -> . TkResta EXP_BINARIA
    (63) EXP_BINARIA -> . TkNum
    (64) EXP_BINARIA -> . TkMe
    (65) EXP_BINARIA -> . TkTrue
    (66) EXP_BINARIA -> . TkFalse
    (67) EXP_BINARIA -> . TkIdent
    (68) EXP_BINARIA -> . TkCaracter

    TkParAbre       shift and go to state 29
    TkNegacion      shift and go to state 30
    TkResta         shift and go to state 28
    TkNum           shift and go to state 31
    TkMe            shift and go to state 32
    TkTrue          shift and go to state 33
    TkFalse         shift and go to state 34
    TkIdent         shift and go to state 35
    TkCaracter      shift and go to state 36

    EXP_BINARIA                    shift and go to state 72

state 52

    (51) EXP_BINARIA -> EXP_BINARIA TkMod . EXP_BINARIA
    (47) EXP_BINARIA -> . EXP_BINARIA TkSuma EXP_BINARIA
    (48) EXP_BINARIA -> . EXP_BINARIA TkResta EXP_BINARIA
    (49) EXP_BINARIA -> . EXP_BINARIA TkMult EXP_BINARIA
    (50) EXP_BINARIA -> . EXP_BINARIA TkDiv EXP_BINARIA
    (51) EXP_BINARIA -> . EXP_BINARIA TkMod EXP_BINARIA
    (52) EXP_BINARIA -> . EXP_BINARIA TkConjuncion EXP_BINARIA
    (53) EXP_BINARIA -> . EXP_BINARIA TkDisyuncion EXP_BINARIA
    (54) EXP_BINARIA -> . EXP_BINARIA TkIgual EXP_BINARIA
    (55) EXP_BINARIA -> . EXP_BINARIA TkNoIgual EXP_BINARIA
    (56) EXP_BINARIA -> . EXP_BINARIA TkMenorIgual EXP_BINARIA
    (57) EXP_BINARIA -> . EXP_BINARIA TkMayorIgual EXP_BINARIA
    (58) EXP_BINARIA -> . EXP_BINARIA TkMenor EXP_BINARIA
    (59) EXP_BINARIA -> . EXP_BINARIA TkMayor EXP_BINARIA
    (60) EXP_BINARIA -> . TkParAbre EXP_BINARIA TkParCierra
    (61) EXP_BINARIA -> . TkNegacion EXP_BINARIA
    (62) EXP_BINARIA -> . TkResta EXP_BINARIA
    (63) EXP_BINARIA -> . TkNum
    (64) EXP_BINARIA -> . TkMe
    (65) EXP_BINARIA -> . TkTrue
    (66) EXP_BINARIA -> . TkFalse
    (67) EXP_BINARIA -> . TkIdent
    (68) EXP_BINARIA -> . TkCaracter

    TkParAbre       shift and go to state 29
    TkNegacion      shift and go to state 30
    TkResta         shift and go to state 28
    TkNum           shift and go to state 31
    TkMe            shift and go to state 32
    TkTrue          shift and go to state 33
    TkFalse         shift and go to state 34
    TkIdent         shift and go to state 35
    TkCaracter      shift and go to state 36

    EXP_BINARIA                    shift and go to state 73

state 53

    (52) EXP_BINARIA -> EXP_BINARIA TkConjuncion . EXP_BINARIA
    (47) EXP_BINARIA -> . EXP_BINARIA TkSuma EXP_BINARIA
    (48) EXP_BINARIA -> . EXP_BINARIA TkResta EXP_BINARIA
    (49) EXP_BINARIA -> . EXP_BINARIA TkMult EXP_BINARIA
    (50) EXP_BINARIA -> . EXP_BINARIA TkDiv EXP_BINARIA
    (51) EXP_BINARIA -> . EXP_BINARIA TkMod EXP_BINARIA
    (52) EXP_BINARIA -> . EXP_BINARIA TkConjuncion EXP_BINARIA
    (53) EXP_BINARIA -> . EXP_BINARIA TkDisyuncion EXP_BINARIA
    (54) EXP_BINARIA -> . EXP_BINARIA TkIgual EXP_BINARIA
    (55) EXP_BINARIA -> . EXP_BINARIA TkNoIgual EXP_BINARIA
    (56) EXP_BINARIA -> . EXP_BINARIA TkMenorIgual EXP_BINARIA
    (57) EXP_BINARIA -> . EXP_BINARIA TkMayorIgual EXP_BINARIA
    (58) EXP_BINARIA -> . EXP_BINARIA TkMenor EXP_BINARIA
    (59) EXP_BINARIA -> . EXP_BINARIA TkMayor EXP_BINARIA
    (60) EXP_BINARIA -> . TkParAbre EXP_BINARIA TkParCierra
    (61) EXP_BINARIA -> . TkNegacion EXP_BINARIA
    (62) EXP_BINARIA -> . TkResta EXP_BINARIA
    (63) EXP_BINARIA -> . TkNum
    (64) EXP_BINARIA -> . TkMe
    (65) EXP_BINARIA -> . TkTrue
    (66) EXP_BINARIA -> . TkFalse
    (67) EXP_BINARIA -> . TkIdent
    (68) EXP_BINARIA -> . TkCaracter

    TkParAbre       shift and go to state 29
    TkNegacion      shift and go to state 30
    TkResta         shift and go to state 28
    TkNum           shift and go to state 31
    TkMe            shift and go to state 32
    TkTrue          shift and go to state 33
    TkFalse         shift and go to state 34
    TkIdent         shift and go to state 35
    TkCaracter      shift and go to state 36

    EXP_BINARIA                    shift and go to state 74

state 54

    (53) EXP_BINARIA -> EXP_BINARIA TkDisyuncion . EXP_BINARIA
    (47) EXP_BINARIA -> . EXP_BINARIA TkSuma EXP_BINARIA
    (48) EXP_BINARIA -> . EXP_BINARIA TkResta EXP_BINARIA
    (49) EXP_BINARIA -> . EXP_BINARIA TkMult EXP_BINARIA
    (50) EXP_BINARIA -> . EXP_BINARIA TkDiv EXP_BINARIA
    (51) EXP_BINARIA -> . EXP_BINARIA TkMod EXP_BINARIA
    (52) EXP_BINARIA -> . EXP_BINARIA TkConjuncion EXP_BINARIA
    (53) EXP_BINARIA -> . EXP_BINARIA TkDisyuncion EXP_BINARIA
    (54) EXP_BINARIA -> . EXP_BINARIA TkIgual EXP_BINARIA
    (55) EXP_BINARIA -> . EXP_BINARIA TkNoIgual EXP_BINARIA
    (56) EXP_BINARIA -> . EXP_BINARIA TkMenorIgual EXP_BINARIA
    (57) EXP_BINARIA -> . EXP_BINARIA TkMayorIgual EXP_BINARIA
    (58) EXP_BINARIA -> . EXP_BINARIA TkMenor EXP_BINARIA
    (59) EXP_BINARIA -> . EXP_BINARIA TkMayor EXP_BINARIA
    (60) EXP_BINARIA -> . TkParAbre EXP_BINARIA TkParCierra
    (61) EXP_BINARIA -> . TkNegacion EXP_BINARIA
    (62) EXP_BINARIA -> . TkResta EXP_BINARIA
    (63) EXP_BINARIA -> . TkNum
    (64) EXP_BINARIA -> . TkMe
    (65) EXP_BINARIA -> . TkTrue
    (66) EXP_BINARIA -> . TkFalse
    (67) EXP_BINARIA -> . TkIdent
    (68) EXP_BINARIA -> . TkCaracter

    TkParAbre       shift and go to state 29
    TkNegacion      shift and go to state 30
    TkResta         shift and go to state 28
    TkNum           shift and go to state 31
    TkMe            shift and go to state 32
    TkTrue          shift and go to state 33
    TkFalse         shift and go to state 34
    TkIdent         shift and go to state 35
    TkCaracter      shift and go to state 36

    EXP_BINARIA                    shift and go to state 75

state 55

    (54) EXP_BINARIA -> EXP_BINARIA TkIgual . EXP_BINARIA
    (47) EXP_BINARIA -> . EXP_BINARIA TkSuma EXP_BINARIA
    (48) EXP_BINARIA -> . EXP_BINARIA TkResta EXP_BINARIA
    (49) EXP_BINARIA -> . EXP_BINARIA TkMult EXP_BINARIA
    (50) EXP_BINARIA -> . EXP_BINARIA TkDiv EXP_BINARIA
    (51) EXP_BINARIA -> . EXP_BINARIA TkMod EXP_BINARIA
    (52) EXP_BINARIA -> . EXP_BINARIA TkConjuncion EXP_BINARIA
    (53) EXP_BINARIA -> . EXP_BINARIA TkDisyuncion EXP_BINARIA
    (54) EXP_BINARIA -> . EXP_BINARIA TkIgual EXP_BINARIA
    (55) EXP_BINARIA -> . EXP_BINARIA TkNoIgual EXP_BINARIA
    (56) EXP_BINARIA -> . EXP_BINARIA TkMenorIgual EXP_BINARIA
    (57) EXP_BINARIA -> . EXP_BINARIA TkMayorIgual EXP_BINARIA
    (58) EXP_BINARIA -> . EXP_BINARIA TkMenor EXP_BINARIA
    (59) EXP_BINARIA -> . EXP_BINARIA TkMayor EXP_BINARIA
    (60) EXP_BINARIA -> . TkParAbre EXP_BINARIA TkParCierra
    (61) EXP_BINARIA -> . TkNegacion EXP_BINARIA
    (62) EXP_BINARIA -> . TkResta EXP_BINARIA
    (63) EXP_BINARIA -> . TkNum
    (64) EXP_BINARIA -> . TkMe
    (65) EXP_BINARIA -> . TkTrue
    (66) EXP_BINARIA -> . TkFalse
    (67) EXP_BINARIA -> . TkIdent
    (68) EXP_BINARIA -> . TkCaracter

    TkParAbre       shift and go to state 29
    TkNegacion      shift and go to state 30
    TkResta         shift and go to state 28
    TkNum           shift and go to state 31
    TkMe            shift and go to state 32
    TkTrue          shift and go to state 33
    TkFalse         shift and go to state 34
    TkIdent         shift and go to state 35
    TkCaracter      shift and go to state 36

    EXP_BINARIA                    shift and go to state 76

state 56

    (55) EXP_BINARIA -> EXP_BINARIA TkNoIgual . EXP_BINARIA
    (47) EXP_BINARIA -> . EXP_BINARIA TkSuma EXP_BINARIA
    (48) EXP_BINARIA -> . EXP_BINARIA TkResta EXP_BINARIA
    (49) EXP_BINARIA -> . EXP_BINARIA TkMult EXP_BINARIA
    (50) EXP_BINARIA -> . EXP_BINARIA TkDiv EXP_BINARIA
    (51) EXP_BINARIA -> . EXP_BINARIA TkMod EXP_BINARIA
    (52) EXP_BINARIA -> . EXP_BINARIA TkConjuncion EXP_BINARIA
    (53) EXP_BINARIA -> . EXP_BINARIA TkDisyuncion EXP_BINARIA
    (54) EXP_BINARIA -> . EXP_BINARIA TkIgual EXP_BINARIA
    (55) EXP_BINARIA -> . EXP_BINARIA TkNoIgual EXP_BINARIA
    (56) EXP_BINARIA -> . EXP_BINARIA TkMenorIgual EXP_BINARIA
    (57) EXP_BINARIA -> . EXP_BINARIA TkMayorIgual EXP_BINARIA
    (58) EXP_BINARIA -> . EXP_BINARIA TkMenor EXP_BINARIA
    (59) EXP_BINARIA -> . EXP_BINARIA TkMayor EXP_BINARIA
    (60) EXP_BINARIA -> . TkParAbre EXP_BINARIA TkParCierra
    (61) EXP_BINARIA -> . TkNegacion EXP_BINARIA
    (62) EXP_BINARIA -> . TkResta EXP_BINARIA
    (63) EXP_BINARIA -> . TkNum
    (64) EXP_BINARIA -> . TkMe
    (65) EXP_BINARIA -> . TkTrue
    (66) EXP_BINARIA -> . TkFalse
    (67) EXP_BINARIA -> . TkIdent
    (68) EXP_BINARIA -> . TkCaracter

    TkParAbre       shift and go to state 29
    TkNegacion      shift and go to state 30
    TkResta         shift and go to state 28
    TkNum           shift and go to state 31
    TkMe            shift and go to state 32
    TkTrue          shift and go to state 33
    TkFalse         shift and go to state 34
    TkIdent         shift and go to state 35
    TkCaracter      shift and go to state 36

    EXP_BINARIA                    shift and go to state 77

state 57

    (56) EXP_BINARIA -> EXP_BINARIA TkMenorIgual . EXP_BINARIA
    (47) EXP_BINARIA -> . EXP_BINARIA TkSuma EXP_BINARIA
    (48) EXP_BINARIA -> . EXP_BINARIA TkResta EXP_BINARIA
    (49) EXP_BINARIA -> . EXP_BINARIA TkMult EXP_BINARIA
    (50) EXP_BINARIA -> . EXP_BINARIA TkDiv EXP_BINARIA
    (51) EXP_BINARIA -> . EXP_BINARIA TkMod EXP_BINARIA
    (52) EXP_BINARIA -> . EXP_BINARIA TkConjuncion EXP_BINARIA
    (53) EXP_BINARIA -> . EXP_BINARIA TkDisyuncion EXP_BINARIA
    (54) EXP_BINARIA -> . EXP_BINARIA TkIgual EXP_BINARIA
    (55) EXP_BINARIA -> . EXP_BINARIA TkNoIgual EXP_BINARIA
    (56) EXP_BINARIA -> . EXP_BINARIA TkMenorIgual EXP_BINARIA
    (57) EXP_BINARIA -> . EXP_BINARIA TkMayorIgual EXP_BINARIA
    (58) EXP_BINARIA -> . EXP_BINARIA TkMenor EXP_BINARIA
    (59) EXP_BINARIA -> . EXP_BINARIA TkMayor EXP_BINARIA
    (60) EXP_BINARIA -> . TkParAbre EXP_BINARIA TkParCierra
    (61) EXP_BINARIA -> . TkNegacion EXP_BINARIA
    (62) EXP_BINARIA -> . TkResta EXP_BINARIA
    (63) EXP_BINARIA -> . TkNum
    (64) EXP_BINARIA -> . TkMe
    (65) EXP_BINARIA -> . TkTrue
    (66) EXP_BINARIA -> . TkFalse
    (67) EXP_BINARIA -> . TkIdent
    (68) EXP_BINARIA -> . TkCaracter

    TkParAbre       shift and go to state 29
    TkNegacion      shift and go to state 30
    TkResta         shift and go to state 28
    TkNum           shift and go to state 31
    TkMe            shift and go to state 32
    TkTrue          shift and go to state 33
    TkFalse         shift and go to state 34
    TkIdent         shift and go to state 35
    TkCaracter      shift and go to state 36

    EXP_BINARIA                    shift and go to state 78

state 58

    (57) EXP_BINARIA -> EXP_BINARIA TkMayorIgual . EXP_BINARIA
    (47) EXP_BINARIA -> . EXP_BINARIA TkSuma EXP_BINARIA
    (48) EXP_BINARIA -> . EXP_BINARIA TkResta EXP_BINARIA
    (49) EXP_BINARIA -> . EXP_BINARIA TkMult EXP_BINARIA
    (50) EXP_BINARIA -> . EXP_BINARIA TkDiv EXP_BINARIA
    (51) EXP_BINARIA -> . EXP_BINARIA TkMod EXP_BINARIA
    (52) EXP_BINARIA -> . EXP_BINARIA TkConjuncion EXP_BINARIA
    (53) EXP_BINARIA -> . EXP_BINARIA TkDisyuncion EXP_BINARIA
    (54) EXP_BINARIA -> . EXP_BINARIA TkIgual EXP_BINARIA
    (55) EXP_BINARIA -> . EXP_BINARIA TkNoIgual EXP_BINARIA
    (56) EXP_BINARIA -> . EXP_BINARIA TkMenorIgual EXP_BINARIA
    (57) EXP_BINARIA -> . EXP_BINARIA TkMayorIgual EXP_BINARIA
    (58) EXP_BINARIA -> . EXP_BINARIA TkMenor EXP_BINARIA
    (59) EXP_BINARIA -> . EXP_BINARIA TkMayor EXP_BINARIA
    (60) EXP_BINARIA -> . TkParAbre EXP_BINARIA TkParCierra
    (61) EXP_BINARIA -> . TkNegacion EXP_BINARIA
    (62) EXP_BINARIA -> . TkResta EXP_BINARIA
    (63) EXP_BINARIA -> . TkNum
    (64) EXP_BINARIA -> . TkMe
    (65) EXP_BINARIA -> . TkTrue
    (66) EXP_BINARIA -> . TkFalse
    (67) EXP_BINARIA -> . TkIdent
    (68) EXP_BINARIA -> . TkCaracter

    TkParAbre       shift and go to state 29
    TkNegacion      shift and go to state 30
    TkResta         shift and go to state 28
    TkNum           shift and go to state 31
    TkMe            shift and go to state 32
    TkTrue          shift and go to state 33
    TkFalse         shift and go to state 34
    TkIdent         shift and go to state 35
    TkCaracter      shift and go to state 36

    EXP_BINARIA                    shift and go to state 79

state 59

    (58) EXP_BINARIA -> EXP_BINARIA TkMenor . EXP_BINARIA
    (47) EXP_BINARIA -> . EXP_BINARIA TkSuma EXP_BINARIA
    (48) EXP_BINARIA -> . EXP_BINARIA TkResta EXP_BINARIA
    (49) EXP_BINARIA -> . EXP_BINARIA TkMult EXP_BINARIA
    (50) EXP_BINARIA -> . EXP_BINARIA TkDiv EXP_BINARIA
    (51) EXP_BINARIA -> . EXP_BINARIA TkMod EXP_BINARIA
    (52) EXP_BINARIA -> . EXP_BINARIA TkConjuncion EXP_BINARIA
    (53) EXP_BINARIA -> . EXP_BINARIA TkDisyuncion EXP_BINARIA
    (54) EXP_BINARIA -> . EXP_BINARIA TkIgual EXP_BINARIA
    (55) EXP_BINARIA -> . EXP_BINARIA TkNoIgual EXP_BINARIA
    (56) EXP_BINARIA -> . EXP_BINARIA TkMenorIgual EXP_BINARIA
    (57) EXP_BINARIA -> . EXP_BINARIA TkMayorIgual EXP_BINARIA
    (58) EXP_BINARIA -> . EXP_BINARIA TkMenor EXP_BINARIA
    (59) EXP_BINARIA -> . EXP_BINARIA TkMayor EXP_BINARIA
    (60) EXP_BINARIA -> . TkParAbre EXP_BINARIA TkParCierra
    (61) EXP_BINARIA -> . TkNegacion EXP_BINARIA
    (62) EXP_BINARIA -> . TkResta EXP_BINARIA
    (63) EXP_BINARIA -> . TkNum
    (64) EXP_BINARIA -> . TkMe
    (65) EXP_BINARIA -> . TkTrue
    (66) EXP_BINARIA -> . TkFalse
    (67) EXP_BINARIA -> . TkIdent
    (68) EXP_BINARIA -> . TkCaracter

    TkParAbre       shift and go to state 29
    TkNegacion      shift and go to state 30
    TkResta         shift and go to state 28
    TkNum           shift and go to state 31
    TkMe            shift and go to state 32
    TkTrue          shift and go to state 33
    TkFalse         shift and go to state 34
    TkIdent         shift and go to state 35
    TkCaracter      shift and go to state 36

    EXP_BINARIA                    shift and go to state 80

state 60

    (59) EXP_BINARIA -> EXP_BINARIA TkMayor . EXP_BINARIA
    (47) EXP_BINARIA -> . EXP_BINARIA TkSuma EXP_BINARIA
    (48) EXP_BINARIA -> . EXP_BINARIA TkResta EXP_BINARIA
    (49) EXP_BINARIA -> . EXP_BINARIA TkMult EXP_BINARIA
    (50) EXP_BINARIA -> . EXP_BINARIA TkDiv EXP_BINARIA
    (51) EXP_BINARIA -> . EXP_BINARIA TkMod EXP_BINARIA
    (52) EXP_BINARIA -> . EXP_BINARIA TkConjuncion EXP_BINARIA
    (53) EXP_BINARIA -> . EXP_BINARIA TkDisyuncion EXP_BINARIA
    (54) EXP_BINARIA -> . EXP_BINARIA TkIgual EXP_BINARIA
    (55) EXP_BINARIA -> . EXP_BINARIA TkNoIgual EXP_BINARIA
    (56) EXP_BINARIA -> . EXP_BINARIA TkMenorIgual EXP_BINARIA
    (57) EXP_BINARIA -> . EXP_BINARIA TkMayorIgual EXP_BINARIA
    (58) EXP_BINARIA -> . EXP_BINARIA TkMenor EXP_BINARIA
    (59) EXP_BINARIA -> . EXP_BINARIA TkMayor EXP_BINARIA
    (60) EXP_BINARIA -> . TkParAbre EXP_BINARIA TkParCierra
    (61) EXP_BINARIA -> . TkNegacion EXP_BINARIA
    (62) EXP_BINARIA -> . TkResta EXP_BINARIA
    (63) EXP_BINARIA -> . TkNum
    (64) EXP_BINARIA -> . TkMe
    (65) EXP_BINARIA -> . TkTrue
    (66) EXP_BINARIA -> . TkFalse
    (67) EXP_BINARIA -> . TkIdent
    (68) EXP_BINARIA -> . TkCaracter

    TkParAbre       shift and go to state 29
    TkNegacion      shift and go to state 30
    TkResta         shift and go to state 28
    TkNum           shift and go to state 31
    TkMe            shift and go to state 32
    TkTrue          shift and go to state 33
    TkFalse         shift and go to state 34
    TkIdent         shift and go to state 35
    TkCaracter      shift and go to state 36

    EXP_BINARIA                    shift and go to state 81

state 61

    (62) EXP_BINARIA -> TkResta EXP_BINARIA .
    (47) EXP_BINARIA -> EXP_BINARIA . TkSuma EXP_BINARIA
    (48) EXP_BINARIA -> EXP_BINARIA . TkResta EXP_BINARIA
    (49) EXP_BINARIA -> EXP_BINARIA . TkMult EXP_BINARIA
    (50) EXP_BINARIA -> EXP_BINARIA . TkDiv EXP_BINARIA
    (51) EXP_BINARIA -> EXP_BINARIA . TkMod EXP_BINARIA
    (52) EXP_BINARIA -> EXP_BINARIA . TkConjuncion EXP_BINARIA
    (53) EXP_BINARIA -> EXP_BINARIA . TkDisyuncion EXP_BINARIA
    (54) EXP_BINARIA -> EXP_BINARIA . TkIgual EXP_BINARIA
    (55) EXP_BINARIA -> EXP_BINARIA . TkNoIgual EXP_BINARIA
    (56) EXP_BINARIA -> EXP_BINARIA . TkMenorIgual EXP_BINARIA
    (57) EXP_BINARIA -> EXP_BINARIA . TkMayorIgual EXP_BINARIA
    (58) EXP_BINARIA -> EXP_BINARIA . TkMenor EXP_BINARIA
    (59) EXP_BINARIA -> EXP_BINARIA . TkMayor EXP_BINARIA

    TkDosPuntos     reduce using rule 62 (EXP_BINARIA -> TkResta EXP_BINARIA .)
    TkConjuncion    reduce using rule 62 (EXP_BINARIA -> TkResta EXP_BINARIA .)
    TkDisyuncion    reduce using rule 62 (EXP_BINARIA -> TkResta EXP_BINARIA .)
    TkParCierra     reduce using rule 62 (EXP_BINARIA -> TkResta EXP_BINARIA .)
    TkPunto         reduce using rule 62 (EXP_BINARIA -> TkResta EXP_BINARIA .)
    TkSuma          shift and go to state 48
    TkResta         shift and go to state 49
    TkMult          shift and go to state 50
    TkDiv           shift and go to state 51
    TkMod           shift and go to state 52
    TkIgual         shift and go to state 55
    TkNoIgual       shift and go to state 56
    TkMenorIgual    shift and go to state 57
    TkMayorIgual    shift and go to state 58
    TkMenor         shift and go to state 59
    TkMayor         shift and go to state 60

  ! TkSuma          [ reduce using rule 62 (EXP_BINARIA -> TkResta EXP_BINARIA .) ]
  ! TkResta         [ reduce using rule 62 (EXP_BINARIA -> TkResta EXP_BINARIA .) ]
  ! TkMult          [ reduce using rule 62 (EXP_BINARIA -> TkResta EXP_BINARIA .) ]
  ! TkDiv           [ reduce using rule 62 (EXP_BINARIA -> TkResta EXP_BINARIA .) ]
  ! TkMod           [ reduce using rule 62 (EXP_BINARIA -> TkResta EXP_BINARIA .) ]
  ! TkIgual         [ reduce using rule 62 (EXP_BINARIA -> TkResta EXP_BINARIA .) ]
  ! TkNoIgual       [ reduce using rule 62 (EXP_BINARIA -> TkResta EXP_BINARIA .) ]
  ! TkMenorIgual    [ reduce using rule 62 (EXP_BINARIA -> TkResta EXP_BINARIA .) ]
  ! TkMayorIgual    [ reduce using rule 62 (EXP_BINARIA -> TkResta EXP_BINARIA .) ]
  ! TkMenor         [ reduce using rule 62 (EXP_BINARIA -> TkResta EXP_BINARIA .) ]
  ! TkMayor         [ reduce using rule 62 (EXP_BINARIA -> TkResta EXP_BINARIA .) ]
  ! TkConjuncion    [ shift and go to state 53 ]
  ! TkDisyuncion    [ shift and go to state 54 ]


state 62

    (60) EXP_BINARIA -> TkParAbre EXP_BINARIA . TkParCierra
    (47) EXP_BINARIA -> EXP_BINARIA . TkSuma EXP_BINARIA
    (48) EXP_BINARIA -> EXP_BINARIA . TkResta EXP_BINARIA
    (49) EXP_BINARIA -> EXP_BINARIA . TkMult EXP_BINARIA
    (50) EXP_BINARIA -> EXP_BINARIA . TkDiv EXP_BINARIA
    (51) EXP_BINARIA -> EXP_BINARIA . TkMod EXP_BINARIA
    (52) EXP_BINARIA -> EXP_BINARIA . TkConjuncion EXP_BINARIA
    (53) EXP_BINARIA -> EXP_BINARIA . TkDisyuncion EXP_BINARIA
    (54) EXP_BINARIA -> EXP_BINARIA . TkIgual EXP_BINARIA
    (55) EXP_BINARIA -> EXP_BINARIA . TkNoIgual EXP_BINARIA
    (56) EXP_BINARIA -> EXP_BINARIA . TkMenorIgual EXP_BINARIA
    (57) EXP_BINARIA -> EXP_BINARIA . TkMayorIgual EXP_BINARIA
    (58) EXP_BINARIA -> EXP_BINARIA . TkMenor EXP_BINARIA
    (59) EXP_BINARIA -> EXP_BINARIA . TkMayor EXP_BINARIA

    TkParCierra     shift and go to state 82
    TkSuma          shift and go to state 48
    TkResta         shift and go to state 49
    TkMult          shift and go to state 50
    TkDiv           shift and go to state 51
    TkMod           shift and go to state 52
    TkConjuncion    shift and go to state 53
    TkDisyuncion    shift and go to state 54
    TkIgual         shift and go to state 55
    TkNoIgual       shift and go to state 56
    TkMenorIgual    shift and go to state 57
    TkMayorIgual    shift and go to state 58
    TkMenor         shift and go to state 59
    TkMayor         shift and go to state 60


state 63

    (61) EXP_BINARIA -> TkNegacion EXP_BINARIA .
    (47) EXP_BINARIA -> EXP_BINARIA . TkSuma EXP_BINARIA
    (48) EXP_BINARIA -> EXP_BINARIA . TkResta EXP_BINARIA
    (49) EXP_BINARIA -> EXP_BINARIA . TkMult EXP_BINARIA
    (50) EXP_BINARIA -> EXP_BINARIA . TkDiv EXP_BINARIA
    (51) EXP_BINARIA -> EXP_BINARIA . TkMod EXP_BINARIA
    (52) EXP_BINARIA -> EXP_BINARIA . TkConjuncion EXP_BINARIA
    (53) EXP_BINARIA -> EXP_BINARIA . TkDisyuncion EXP_BINARIA
    (54) EXP_BINARIA -> EXP_BINARIA . TkIgual EXP_BINARIA
    (55) EXP_BINARIA -> EXP_BINARIA . TkNoIgual EXP_BINARIA
    (56) EXP_BINARIA -> EXP_BINARIA . TkMenorIgual EXP_BINARIA
    (57) EXP_BINARIA -> EXP_BINARIA . TkMayorIgual EXP_BINARIA
    (58) EXP_BINARIA -> EXP_BINARIA . TkMenor EXP_BINARIA
    (59) EXP_BINARIA -> EXP_BINARIA . TkMayor EXP_BINARIA

    TkDosPuntos     reduce using rule 61 (EXP_BINARIA -> TkNegacion EXP_BINARIA .)
    TkConjuncion    reduce using rule 61 (EXP_BINARIA -> TkNegacion EXP_BINARIA .)
    TkDisyuncion    reduce using rule 61 (EXP_BINARIA -> TkNegacion EXP_BINARIA .)
    TkParCierra     reduce using rule 61 (EXP_BINARIA -> TkNegacion EXP_BINARIA .)
    TkPunto         reduce using rule 61 (EXP_BINARIA -> TkNegacion EXP_BINARIA .)
    TkSuma          shift and go to state 48
    TkResta         shift and go to state 49
    TkMult          shift and go to state 50
    TkDiv           shift and go to state 51
    TkMod           shift and go to state 52
    TkIgual         shift and go to state 55
    TkNoIgual       shift and go to state 56
    TkMenorIgual    shift and go to state 57
    TkMayorIgual    shift and go to state 58
    TkMenor         shift and go to state 59
    TkMayor         shift and go to state 60

  ! TkSuma          [ reduce using rule 61 (EXP_BINARIA -> TkNegacion EXP_BINARIA .) ]
  ! TkResta         [ reduce using rule 61 (EXP_BINARIA -> TkNegacion EXP_BINARIA .) ]
  ! TkMult          [ reduce using rule 61 (EXP_BINARIA -> TkNegacion EXP_BINARIA .) ]
  ! TkDiv           [ reduce using rule 61 (EXP_BINARIA -> TkNegacion EXP_BINARIA .) ]
  ! TkMod           [ reduce using rule 61 (EXP_BINARIA -> TkNegacion EXP_BINARIA .) ]
  ! TkIgual         [ reduce using rule 61 (EXP_BINARIA -> TkNegacion EXP_BINARIA .) ]
  ! TkNoIgual       [ reduce using rule 61 (EXP_BINARIA -> TkNegacion EXP_BINARIA .) ]
  ! TkMenorIgual    [ reduce using rule 61 (EXP_BINARIA -> TkNegacion EXP_BINARIA .) ]
  ! TkMayorIgual    [ reduce using rule 61 (EXP_BINARIA -> TkNegacion EXP_BINARIA .) ]
  ! TkMenor         [ reduce using rule 61 (EXP_BINARIA -> TkNegacion EXP_BINARIA .) ]
  ! TkMayor         [ reduce using rule 61 (EXP_BINARIA -> TkNegacion EXP_BINARIA .) ]
  ! TkConjuncion    [ shift and go to state 53 ]
  ! TkDisyuncion    [ shift and go to state 54 ]


state 64

    (44) SIMPLE_INSTRUCTION_E -> TkWhile EXP_BINARIA TkDosPuntos . INSTRUCTION_E TkEnd
    (24) INSTRUCTION_E -> . INSTRUCTION_E SIMPLE_INSTRUCTION_E
    (25) INSTRUCTION_E -> . SIMPLE_INSTRUCTION_E
    (39) SIMPLE_INSTRUCTION_E -> . TkActivate IDENT_LIST TkPunto
    (40) SIMPLE_INSTRUCTION_E -> . TkDeactivate IDENT_LIST TkPunto
    (41) SIMPLE_INSTRUCTION_E -> . TkAdvance IDENT_LIST TkPunto
    (42) SIMPLE_INSTRUCTION_E -> . TkIf EXP_BINARIA TkDosPuntos INSTRUCTION_E TkEnd
    (43) SIMPLE_INSTRUCTION_E -> . TkIf EXP_BINARIA TkDosPuntos INSTRUCTION_E TkElse TkDosPuntos INSTRUCTION_E TkEnd
    (44) SIMPLE_INSTRUCTION_E -> . TkWhile EXP_BINARIA TkDosPuntos INSTRUCTION_E TkEnd
    (45) SIMPLE_INSTRUCTION_E -> . CREATE EXECUTE CLOSE_SCOPE
    (2) CREATE -> . TkCreate OPEN_SCOPE DECLARATIONS
    (3) CREATE -> . OPEN_SCOPE
    (4) OPEN_SCOPE -> . empty
    (69) empty -> .

    TkActivate      shift and go to state 13
    TkDeactivate    shift and go to state 14
    TkAdvance       shift and go to state 15
    TkIf            shift and go to state 16
    TkWhile         shift and go to state 17
    TkCreate        shift and go to state 3
    TkExecute       reduce using rule 69 (empty -> .)

    INSTRUCTION_E                  shift and go to state 83
    SIMPLE_INSTRUCTION_E           shift and go to state 12
    CREATE                         shift and go to state 18
    OPEN_SCOPE                     shift and go to state 4
    empty                          shift and go to state 5

state 65

    (45) SIMPLE_INSTRUCTION_E -> CREATE EXECUTE CLOSE_SCOPE .

    TkEnd           reduce using rule 45 (SIMPLE_INSTRUCTION_E -> CREATE EXECUTE CLOSE_SCOPE .)
    TkActivate      reduce using rule 45 (SIMPLE_INSTRUCTION_E -> CREATE EXECUTE CLOSE_SCOPE .)
    TkDeactivate    reduce using rule 45 (SIMPLE_INSTRUCTION_E -> CREATE EXECUTE CLOSE_SCOPE .)
    TkAdvance       reduce using rule 45 (SIMPLE_INSTRUCTION_E -> CREATE EXECUTE CLOSE_SCOPE .)
    TkIf            reduce using rule 45 (SIMPLE_INSTRUCTION_E -> CREATE EXECUTE CLOSE_SCOPE .)
    TkWhile         reduce using rule 45 (SIMPLE_INSTRUCTION_E -> CREATE EXECUTE CLOSE_SCOPE .)
    TkCreate        reduce using rule 45 (SIMPLE_INSTRUCTION_E -> CREATE EXECUTE CLOSE_SCOPE .)
    TkExecute       reduce using rule 45 (SIMPLE_INSTRUCTION_E -> CREATE EXECUTE CLOSE_SCOPE .)
    TkElse          reduce using rule 45 (SIMPLE_INSTRUCTION_E -> CREATE EXECUTE CLOSE_SCOPE .)


state 66

    (6) DECLARATIONS -> DECLARATIONS TYPE TkBot . IDENT_LIST REGISTER_ROBOTS ACTIONS TkEnd
    (12) IDENT_LIST -> . TkIdent
    (13) IDENT_LIST -> . IDENT_LIST TkComa TkIdent

    TkIdent         shift and go to state 24

    IDENT_LIST                     shift and go to state 84

state 67

    (13) IDENT_LIST -> IDENT_LIST TkComa TkIdent .

    TkPunto         reduce using rule 13 (IDENT_LIST -> IDENT_LIST TkComa TkIdent .)
    TkComa          reduce using rule 13 (IDENT_LIST -> IDENT_LIST TkComa TkIdent .)
    TkEnd           reduce using rule 13 (IDENT_LIST -> IDENT_LIST TkComa TkIdent .)
    TkOn            reduce using rule 13 (IDENT_LIST -> IDENT_LIST TkComa TkIdent .)


state 68

    (42) SIMPLE_INSTRUCTION_E -> TkIf EXP_BINARIA TkDosPuntos INSTRUCTION_E . TkEnd
    (43) SIMPLE_INSTRUCTION_E -> TkIf EXP_BINARIA TkDosPuntos INSTRUCTION_E . TkElse TkDosPuntos INSTRUCTION_E TkEnd
    (24) INSTRUCTION_E -> INSTRUCTION_E . SIMPLE_INSTRUCTION_E
    (39) SIMPLE_INSTRUCTION_E -> . TkActivate IDENT_LIST TkPunto
    (40) SIMPLE_INSTRUCTION_E -> . TkDeactivate IDENT_LIST TkPunto
    (41) SIMPLE_INSTRUCTION_E -> . TkAdvance IDENT_LIST TkPunto
    (42) SIMPLE_INSTRUCTION_E -> . TkIf EXP_BINARIA TkDosPuntos INSTRUCTION_E TkEnd
    (43) SIMPLE_INSTRUCTION_E -> . TkIf EXP_BINARIA TkDosPuntos INSTRUCTION_E TkElse TkDosPuntos INSTRUCTION_E TkEnd
    (44) SIMPLE_INSTRUCTION_E -> . TkWhile EXP_BINARIA TkDosPuntos INSTRUCTION_E TkEnd
    (45) SIMPLE_INSTRUCTION_E -> . CREATE EXECUTE CLOSE_SCOPE
    (2) CREATE -> . TkCreate OPEN_SCOPE DECLARATIONS
    (3) CREATE -> . OPEN_SCOPE
    (4) OPEN_SCOPE -> . empty
    (69) empty -> .

    TkEnd           shift and go to state 85
    TkElse          shift and go to state 86
    TkActivate      shift and go to state 13
    TkDeactivate    shift and go to state 14
    TkAdvance       shift and go to state 15
    TkIf            shift and go to state 16
    TkWhile         shift and go to state 17
    TkCreate        shift and go to state 3
    TkExecute       reduce using rule 69 (empty -> .)

    SIMPLE_INSTRUCTION_E           shift and go to state 22
    CREATE                         shift and go to state 18
    OPEN_SCOPE                     shift and go to state 4
    empty                          shift and go to state 5

state 69

    (47) EXP_BINARIA -> EXP_BINARIA TkSuma EXP_BINARIA .
    (47) EXP_BINARIA -> EXP_BINARIA . TkSuma EXP_BINARIA
    (48) EXP_BINARIA -> EXP_BINARIA . TkResta EXP_BINARIA
    (49) EXP_BINARIA -> EXP_BINARIA . TkMult EXP_BINARIA
    (50) EXP_BINARIA -> EXP_BINARIA . TkDiv EXP_BINARIA
    (51) EXP_BINARIA -> EXP_BINARIA . TkMod EXP_BINARIA
    (52) EXP_BINARIA -> EXP_BINARIA . TkConjuncion EXP_BINARIA
    (53) EXP_BINARIA -> EXP_BINARIA . TkDisyuncion EXP_BINARIA
    (54) EXP_BINARIA -> EXP_BINARIA . TkIgual EXP_BINARIA
    (55) EXP_BINARIA -> EXP_BINARIA . TkNoIgual EXP_BINARIA
    (56) EXP_BINARIA -> EXP_BINARIA . TkMenorIgual EXP_BINARIA
    (57) EXP_BINARIA -> EXP_BINARIA . TkMayorIgual EXP_BINARIA
    (58) EXP_BINARIA -> EXP_BINARIA . TkMenor EXP_BINARIA
    (59) EXP_BINARIA -> EXP_BINARIA . TkMayor EXP_BINARIA

    TkDosPuntos     reduce using rule 47 (EXP_BINARIA -> EXP_BINARIA TkSuma EXP_BINARIA .)
    TkSuma          reduce using rule 47 (EXP_BINARIA -> EXP_BINARIA TkSuma EXP_BINARIA .)
    TkResta         reduce using rule 47 (EXP_BINARIA -> EXP_BINARIA TkSuma EXP_BINARIA .)
    TkConjuncion    reduce using rule 47 (EXP_BINARIA -> EXP_BINARIA TkSuma EXP_BINARIA .)
    TkDisyuncion    reduce using rule 47 (EXP_BINARIA -> EXP_BINARIA TkSuma EXP_BINARIA .)
    TkIgual         reduce using rule 47 (EXP_BINARIA -> EXP_BINARIA TkSuma EXP_BINARIA .)
    TkNoIgual       reduce using rule 47 (EXP_BINARIA -> EXP_BINARIA TkSuma EXP_BINARIA .)
    TkMenorIgual    reduce using rule 47 (EXP_BINARIA -> EXP_BINARIA TkSuma EXP_BINARIA .)
    TkMayorIgual    reduce using rule 47 (EXP_BINARIA -> EXP_BINARIA TkSuma EXP_BINARIA .)
    TkMenor         reduce using rule 47 (EXP_BINARIA -> EXP_BINARIA TkSuma EXP_BINARIA .)
    TkMayor         reduce using rule 47 (EXP_BINARIA -> EXP_BINARIA TkSuma EXP_BINARIA .)
    TkParCierra     reduce using rule 47 (EXP_BINARIA -> EXP_BINARIA TkSuma EXP_BINARIA .)
    TkPunto         reduce using rule 47 (EXP_BINARIA -> EXP_BINARIA TkSuma EXP_BINARIA .)
    TkMult          shift and go to state 50
    TkDiv           shift and go to state 51
    TkMod           shift and go to state 52

  ! TkMult          [ reduce using rule 47 (EXP_BINARIA -> EXP_BINARIA TkSuma EXP_BINARIA .) ]
  ! TkDiv           [ reduce using rule 47 (EXP_BINARIA -> EXP_BINARIA TkSuma EXP_BINARIA .) ]
  ! TkMod           [ reduce using rule 47 (EXP_BINARIA -> EXP_BINARIA TkSuma EXP_BINARIA .) ]
  ! TkSuma          [ shift and go to state 48 ]
  ! TkResta         [ shift and go to state 49 ]
  ! TkConjuncion    [ shift and go to state 53 ]
  ! TkDisyuncion    [ shift and go to state 54 ]
  ! TkIgual         [ shift and go to state 55 ]
  ! TkNoIgual       [ shift and go to state 56 ]
  ! TkMenorIgual    [ shift and go to state 57 ]
  ! TkMayorIgual    [ shift and go to state 58 ]
  ! TkMenor         [ shift and go to state 59 ]
  ! TkMayor         [ shift and go to state 60 ]


state 70

    (48) EXP_BINARIA -> EXP_BINARIA TkResta EXP_BINARIA .
    (47) EXP_BINARIA -> EXP_BINARIA . TkSuma EXP_BINARIA
    (48) EXP_BINARIA -> EXP_BINARIA . TkResta EXP_BINARIA
    (49) EXP_BINARIA -> EXP_BINARIA . TkMult EXP_BINARIA
    (50) EXP_BINARIA -> EXP_BINARIA . TkDiv EXP_BINARIA
    (51) EXP_BINARIA -> EXP_BINARIA . TkMod EXP_BINARIA
    (52) EXP_BINARIA -> EXP_BINARIA . TkConjuncion EXP_BINARIA
    (53) EXP_BINARIA -> EXP_BINARIA . TkDisyuncion EXP_BINARIA
    (54) EXP_BINARIA -> EXP_BINARIA . TkIgual EXP_BINARIA
    (55) EXP_BINARIA -> EXP_BINARIA . TkNoIgual EXP_BINARIA
    (56) EXP_BINARIA -> EXP_BINARIA . TkMenorIgual EXP_BINARIA
    (57) EXP_BINARIA -> EXP_BINARIA . TkMayorIgual EXP_BINARIA
    (58) EXP_BINARIA -> EXP_BINARIA . TkMenor EXP_BINARIA
    (59) EXP_BINARIA -> EXP_BINARIA . TkMayor EXP_BINARIA

    TkDosPuntos     reduce using rule 48 (EXP_BINARIA -> EXP_BINARIA TkResta EXP_BINARIA .)
    TkSuma          reduce using rule 48 (EXP_BINARIA -> EXP_BINARIA TkResta EXP_BINARIA .)
    TkResta         reduce using rule 48 (EXP_BINARIA -> EXP_BINARIA TkResta EXP_BINARIA .)
    TkConjuncion    reduce using rule 48 (EXP_BINARIA -> EXP_BINARIA TkResta EXP_BINARIA .)
    TkDisyuncion    reduce using rule 48 (EXP_BINARIA -> EXP_BINARIA TkResta EXP_BINARIA .)
    TkIgual         reduce using rule 48 (EXP_BINARIA -> EXP_BINARIA TkResta EXP_BINARIA .)
    TkNoIgual       reduce using rule 48 (EXP_BINARIA -> EXP_BINARIA TkResta EXP_BINARIA .)
    TkMenorIgual    reduce using rule 48 (EXP_BINARIA -> EXP_BINARIA TkResta EXP_BINARIA .)
    TkMayorIgual    reduce using rule 48 (EXP_BINARIA -> EXP_BINARIA TkResta EXP_BINARIA .)
    TkMenor         reduce using rule 48 (EXP_BINARIA -> EXP_BINARIA TkResta EXP_BINARIA .)
    TkMayor         reduce using rule 48 (EXP_BINARIA -> EXP_BINARIA TkResta EXP_BINARIA .)
    TkParCierra     reduce using rule 48 (EXP_BINARIA -> EXP_BINARIA TkResta EXP_BINARIA .)
    TkPunto         reduce using rule 48 (EXP_BINARIA -> EXP_BINARIA TkResta EXP_BINARIA .)
    TkMult          shift and go to state 50
    TkDiv           shift and go to state 51
    TkMod           shift and go to state 52

  ! TkMult          [ reduce using rule 48 (EXP_BINARIA -> EXP_BINARIA TkResta EXP_BINARIA .) ]
  ! TkDiv           [ reduce using rule 48 (EXP_BINARIA -> EXP_BINARIA TkResta EXP_BINARIA .) ]
  ! TkMod           [ reduce using rule 48 (EXP_BINARIA -> EXP_BINARIA TkResta EXP_BINARIA .) ]
  ! TkSuma          [ shift and go to state 48 ]
  ! TkResta         [ shift and go to state 49 ]
  ! TkConjuncion    [ shift and go to state 53 ]
  ! TkDisyuncion    [ shift and go to state 54 ]
  ! TkIgual         [ shift and go to state 55 ]
  ! TkNoIgual       [ shift and go to state 56 ]
  ! TkMenorIgual    [ shift and go to state 57 ]
  ! TkMayorIgual    [ shift and go to state 58 ]
  ! TkMenor         [ shift and go to state 59 ]
  ! TkMayor         [ shift and go to state 60 ]


state 71

    (49) EXP_BINARIA -> EXP_BINARIA TkMult EXP_BINARIA .
    (47) EXP_BINARIA -> EXP_BINARIA . TkSuma EXP_BINARIA
    (48) EXP_BINARIA -> EXP_BINARIA . TkResta EXP_BINARIA
    (49) EXP_BINARIA -> EXP_BINARIA . TkMult EXP_BINARIA
    (50) EXP_BINARIA -> EXP_BINARIA . TkDiv EXP_BINARIA
    (51) EXP_BINARIA -> EXP_BINARIA . TkMod EXP_BINARIA
    (52) EXP_BINARIA -> EXP_BINARIA . TkConjuncion EXP_BINARIA
    (53) EXP_BINARIA -> EXP_BINARIA . TkDisyuncion EXP_BINARIA
    (54) EXP_BINARIA -> EXP_BINARIA . TkIgual EXP_BINARIA
    (55) EXP_BINARIA -> EXP_BINARIA . TkNoIgual EXP_BINARIA
    (56) EXP_BINARIA -> EXP_BINARIA . TkMenorIgual EXP_BINARIA
    (57) EXP_BINARIA -> EXP_BINARIA . TkMayorIgual EXP_BINARIA
    (58) EXP_BINARIA -> EXP_BINARIA . TkMenor EXP_BINARIA
    (59) EXP_BINARIA -> EXP_BINARIA . TkMayor EXP_BINARIA

    TkDosPuntos     reduce using rule 49 (EXP_BINARIA -> EXP_BINARIA TkMult EXP_BINARIA .)
    TkSuma          reduce using rule 49 (EXP_BINARIA -> EXP_BINARIA TkMult EXP_BINARIA .)
    TkResta         reduce using rule 49 (EXP_BINARIA -> EXP_BINARIA TkMult EXP_BINARIA .)
    TkMult          reduce using rule 49 (EXP_BINARIA -> EXP_BINARIA TkMult EXP_BINARIA .)
    TkDiv           reduce using rule 49 (EXP_BINARIA -> EXP_BINARIA TkMult EXP_BINARIA .)
    TkMod           reduce using rule 49 (EXP_BINARIA -> EXP_BINARIA TkMult EXP_BINARIA .)
    TkConjuncion    reduce using rule 49 (EXP_BINARIA -> EXP_BINARIA TkMult EXP_BINARIA .)
    TkDisyuncion    reduce using rule 49 (EXP_BINARIA -> EXP_BINARIA TkMult EXP_BINARIA .)
    TkIgual         reduce using rule 49 (EXP_BINARIA -> EXP_BINARIA TkMult EXP_BINARIA .)
    TkNoIgual       reduce using rule 49 (EXP_BINARIA -> EXP_BINARIA TkMult EXP_BINARIA .)
    TkMenorIgual    reduce using rule 49 (EXP_BINARIA -> EXP_BINARIA TkMult EXP_BINARIA .)
    TkMayorIgual    reduce using rule 49 (EXP_BINARIA -> EXP_BINARIA TkMult EXP_BINARIA .)
    TkMenor         reduce using rule 49 (EXP_BINARIA -> EXP_BINARIA TkMult EXP_BINARIA .)
    TkMayor         reduce using rule 49 (EXP_BINARIA -> EXP_BINARIA TkMult EXP_BINARIA .)
    TkParCierra     reduce using rule 49 (EXP_BINARIA -> EXP_BINARIA TkMult EXP_BINARIA .)
    TkPunto         reduce using rule 49 (EXP_BINARIA -> EXP_BINARIA TkMult EXP_BINARIA .)

  ! TkSuma          [ shift and go to state 48 ]
  ! TkResta         [ shift and go to state 49 ]
  ! TkMult          [ shift and go to state 50 ]
  ! TkDiv           [ shift and go to state 51 ]
  ! TkMod           [ shift and go to state 52 ]
  ! TkConjuncion    [ shift and go to state 53 ]
  ! TkDisyuncion    [ shift and go to state 54 ]
  ! TkIgual         [ shift and go to state 55 ]
  ! TkNoIgual       [ shift and go to state 56 ]
  ! TkMenorIgual    [ shift and go to state 57 ]
  ! TkMayorIgual    [ shift and go to state 58 ]
  ! TkMenor         [ shift and go to state 59 ]
  ! TkMayor         [ shift and go to state 60 ]


state 72

    (50) EXP_BINARIA -> EXP_BINARIA TkDiv EXP_BINARIA .
    (47) EXP_BINARIA -> EXP_BINARIA . TkSuma EXP_BINARIA
    (48) EXP_BINARIA -> EXP_BINARIA . TkResta EXP_BINARIA
    (49) EXP_BINARIA -> EXP_BINARIA . TkMult EXP_BINARIA
    (50) EXP_BINARIA -> EXP_BINARIA . TkDiv EXP_BINARIA
    (51) EXP_BINARIA -> EXP_BINARIA . TkMod EXP_BINARIA
    (52) EXP_BINARIA -> EXP_BINARIA . TkConjuncion EXP_BINARIA
    (53) EXP_BINARIA -> EXP_BINARIA . TkDisyuncion EXP_BINARIA
    (54) EXP_BINARIA -> EXP_BINARIA . TkIgual EXP_BINARIA
    (55) EXP_BINARIA -> EXP_BINARIA . TkNoIgual EXP_BINARIA
    (56) EXP_BINARIA -> EXP_BINARIA . TkMenorIgual EXP_BINARIA
    (57) EXP_BINARIA -> EXP_BINARIA . TkMayorIgual EXP_BINARIA
    (58) EXP_BINARIA -> EXP_BINARIA . TkMenor EXP_BINARIA
    (59) EXP_BINARIA -> EXP_BINARIA . TkMayor EXP_BINARIA

    TkDosPuntos     reduce using rule 50 (EXP_BINARIA -> EXP_BINARIA TkDiv EXP_BINARIA .)
    TkSuma          reduce using rule 50 (EXP_BINARIA -> EXP_BINARIA TkDiv EXP_BINARIA .)
    TkResta         reduce using rule 50 (EXP_BINARIA -> EXP_BINARIA TkDiv EXP_BINARIA .)
    TkMult          reduce using rule 50 (EXP_BINARIA -> EXP_BINARIA TkDiv EXP_BINARIA .)
    TkDiv           reduce using rule 50 (EXP_BINARIA -> EXP_BINARIA TkDiv EXP_BINARIA .)
    TkMod           reduce using rule 50 (EXP_BINARIA -> EXP_BINARIA TkDiv EXP_BINARIA .)
    TkConjuncion    reduce using rule 50 (EXP_BINARIA -> EXP_BINARIA TkDiv EXP_BINARIA .)
    TkDisyuncion    reduce using rule 50 (EXP_BINARIA -> EXP_BINARIA TkDiv EXP_BINARIA .)
    TkIgual         reduce using rule 50 (EXP_BINARIA -> EXP_BINARIA TkDiv EXP_BINARIA .)
    TkNoIgual       reduce using rule 50 (EXP_BINARIA -> EXP_BINARIA TkDiv EXP_BINARIA .)
    TkMenorIgual    reduce using rule 50 (EXP_BINARIA -> EXP_BINARIA TkDiv EXP_BINARIA .)
    TkMayorIgual    reduce using rule 50 (EXP_BINARIA -> EXP_BINARIA TkDiv EXP_BINARIA .)
    TkMenor         reduce using rule 50 (EXP_BINARIA -> EXP_BINARIA TkDiv EXP_BINARIA .)
    TkMayor         reduce using rule 50 (EXP_BINARIA -> EXP_BINARIA TkDiv EXP_BINARIA .)
    TkParCierra     reduce using rule 50 (EXP_BINARIA -> EXP_BINARIA TkDiv EXP_BINARIA .)
    TkPunto         reduce using rule 50 (EXP_BINARIA -> EXP_BINARIA TkDiv EXP_BINARIA .)

  ! TkSuma          [ shift and go to state 48 ]
  ! TkResta         [ shift and go to state 49 ]
  ! TkMult          [ shift and go to state 50 ]
  ! TkDiv           [ shift and go to state 51 ]
  ! TkMod           [ shift and go to state 52 ]
  ! TkConjuncion    [ shift and go to state 53 ]
  ! TkDisyuncion    [ shift and go to state 54 ]
  ! TkIgual         [ shift and go to state 55 ]
  ! TkNoIgual       [ shift and go to state 56 ]
  ! TkMenorIgual    [ shift and go to state 57 ]
  ! TkMayorIgual    [ shift and go to state 58 ]
  ! TkMenor         [ shift and go to state 59 ]
  ! TkMayor         [ shift and go to state 60 ]


state 73

    (51) EXP_BINARIA -> EXP_BINARIA TkMod EXP_BINARIA .
    (47) EXP_BINARIA -> EXP_BINARIA . TkSuma EXP_BINARIA
    (48) EXP_BINARIA -> EXP_BINARIA . TkResta EXP_BINARIA
    (49) EXP_BINARIA -> EXP_BINARIA . TkMult EXP_BINARIA
    (50) EXP_BINARIA -> EXP_BINARIA . TkDiv EXP_BINARIA
    (51) EXP_BINARIA -> EXP_BINARIA . TkMod EXP_BINARIA
    (52) EXP_BINARIA -> EXP_BINARIA . TkConjuncion EXP_BINARIA
    (53) EXP_BINARIA -> EXP_BINARIA . TkDisyuncion EXP_BINARIA
    (54) EXP_BINARIA -> EXP_BINARIA . TkIgual EXP_BINARIA
    (55) EXP_BINARIA -> EXP_BINARIA . TkNoIgual EXP_BINARIA
    (56) EXP_BINARIA -> EXP_BINARIA . TkMenorIgual EXP_BINARIA
    (57) EXP_BINARIA -> EXP_BINARIA . TkMayorIgual EXP_BINARIA
    (58) EXP_BINARIA -> EXP_BINARIA . TkMenor EXP_BINARIA
    (59) EXP_BINARIA -> EXP_BINARIA . TkMayor EXP_BINARIA

    TkDosPuntos     reduce using rule 51 (EXP_BINARIA -> EXP_BINARIA TkMod EXP_BINARIA .)
    TkSuma          reduce using rule 51 (EXP_BINARIA -> EXP_BINARIA TkMod EXP_BINARIA .)
    TkResta         reduce using rule 51 (EXP_BINARIA -> EXP_BINARIA TkMod EXP_BINARIA .)
    TkMult          reduce using rule 51 (EXP_BINARIA -> EXP_BINARIA TkMod EXP_BINARIA .)
    TkDiv           reduce using rule 51 (EXP_BINARIA -> EXP_BINARIA TkMod EXP_BINARIA .)
    TkMod           reduce using rule 51 (EXP_BINARIA -> EXP_BINARIA TkMod EXP_BINARIA .)
    TkConjuncion    reduce using rule 51 (EXP_BINARIA -> EXP_BINARIA TkMod EXP_BINARIA .)
    TkDisyuncion    reduce using rule 51 (EXP_BINARIA -> EXP_BINARIA TkMod EXP_BINARIA .)
    TkIgual         reduce using rule 51 (EXP_BINARIA -> EXP_BINARIA TkMod EXP_BINARIA .)
    TkNoIgual       reduce using rule 51 (EXP_BINARIA -> EXP_BINARIA TkMod EXP_BINARIA .)
    TkMenorIgual    reduce using rule 51 (EXP_BINARIA -> EXP_BINARIA TkMod EXP_BINARIA .)
    TkMayorIgual    reduce using rule 51 (EXP_BINARIA -> EXP_BINARIA TkMod EXP_BINARIA .)
    TkMenor         reduce using rule 51 (EXP_BINARIA -> EXP_BINARIA TkMod EXP_BINARIA .)
    TkMayor         reduce using rule 51 (EXP_BINARIA -> EXP_BINARIA TkMod EXP_BINARIA .)
    TkParCierra     reduce using rule 51 (EXP_BINARIA -> EXP_BINARIA TkMod EXP_BINARIA .)
    TkPunto         reduce using rule 51 (EXP_BINARIA -> EXP_BINARIA TkMod EXP_BINARIA .)

  ! TkSuma          [ shift and go to state 48 ]
  ! TkResta         [ shift and go to state 49 ]
  ! TkMult          [ shift and go to state 50 ]
  ! TkDiv           [ shift and go to state 51 ]
  ! TkMod           [ shift and go to state 52 ]
  ! TkConjuncion    [ shift and go to state 53 ]
  ! TkDisyuncion    [ shift and go to state 54 ]
  ! TkIgual         [ shift and go to state 55 ]
  ! TkNoIgual       [ shift and go to state 56 ]
  ! TkMenorIgual    [ shift and go to state 57 ]
  ! TkMayorIgual    [ shift and go to state 58 ]
  ! TkMenor         [ shift and go to state 59 ]
  ! TkMayor         [ shift and go to state 60 ]


state 74

    (52) EXP_BINARIA -> EXP_BINARIA TkConjuncion EXP_BINARIA .
    (47) EXP_BINARIA -> EXP_BINARIA . TkSuma EXP_BINARIA
    (48) EXP_BINARIA -> EXP_BINARIA . TkResta EXP_BINARIA
    (49) EXP_BINARIA -> EXP_BINARIA . TkMult EXP_BINARIA
    (50) EXP_BINARIA -> EXP_BINARIA . TkDiv EXP_BINARIA
    (51) EXP_BINARIA -> EXP_BINARIA . TkMod EXP_BINARIA
    (52) EXP_BINARIA -> EXP_BINARIA . TkConjuncion EXP_BINARIA
    (53) EXP_BINARIA -> EXP_BINARIA . TkDisyuncion EXP_BINARIA
    (54) EXP_BINARIA -> EXP_BINARIA . TkIgual EXP_BINARIA
    (55) EXP_BINARIA -> EXP_BINARIA . TkNoIgual EXP_BINARIA
    (56) EXP_BINARIA -> EXP_BINARIA . TkMenorIgual EXP_BINARIA
    (57) EXP_BINARIA -> EXP_BINARIA . TkMayorIgual EXP_BINARIA
    (58) EXP_BINARIA -> EXP_BINARIA . TkMenor EXP_BINARIA
    (59) EXP_BINARIA -> EXP_BINARIA . TkMayor EXP_BINARIA

    TkDosPuntos     reduce using rule 52 (EXP_BINARIA -> EXP_BINARIA TkConjuncion EXP_BINARIA .)
    TkConjuncion    reduce using rule 52 (EXP_BINARIA -> EXP_BINARIA TkConjuncion EXP_BINARIA .)
    TkDisyuncion    reduce using rule 52 (EXP_BINARIA -> EXP_BINARIA TkConjuncion EXP_BINARIA .)
    TkParCierra     reduce using rule 52 (EXP_BINARIA -> EXP_BINARIA TkConjuncion EXP_BINARIA .)
    TkPunto         reduce using rule 52 (EXP_BINARIA -> EXP_BINARIA TkConjuncion EXP_BINARIA .)
    TkSuma          shift and go to state 48
    TkResta         shift and go to state 49
    TkMult          shift and go to state 50
    TkDiv           shift and go to state 51
    TkMod           shift and go to state 52
    TkIgual         shift and go to state 55
    TkNoIgual       shift and go to state 56
    TkMenorIgual    shift and go to state 57
    TkMayorIgual    shift and go to state 58
    TkMenor         shift and go to state 59
    TkMayor         shift and go to state 60

  ! TkSuma          [ reduce using rule 52 (EXP_BINARIA -> EXP_BINARIA TkConjuncion EXP_BINARIA .) ]
  ! TkResta         [ reduce using rule 52 (EXP_BINARIA -> EXP_BINARIA TkConjuncion EXP_BINARIA .) ]
  ! TkMult          [ reduce using rule 52 (EXP_BINARIA -> EXP_BINARIA TkConjuncion EXP_BINARIA .) ]
  ! TkDiv           [ reduce using rule 52 (EXP_BINARIA -> EXP_BINARIA TkConjuncion EXP_BINARIA .) ]
  ! TkMod           [ reduce using rule 52 (EXP_BINARIA -> EXP_BINARIA TkConjuncion EXP_BINARIA .) ]
  ! TkIgual         [ reduce using rule 52 (EXP_BINARIA -> EXP_BINARIA TkConjuncion EXP_BINARIA .) ]
  ! TkNoIgual       [ reduce using rule 52 (EXP_BINARIA -> EXP_BINARIA TkConjuncion EXP_BINARIA .) ]
  ! TkMenorIgual    [ reduce using rule 52 (EXP_BINARIA -> EXP_BINARIA TkConjuncion EXP_BINARIA .) ]
  ! TkMayorIgual    [ reduce using rule 52 (EXP_BINARIA -> EXP_BINARIA TkConjuncion EXP_BINARIA .) ]
  ! TkMenor         [ reduce using rule 52 (EXP_BINARIA -> EXP_BINARIA TkConjuncion EXP_BINARIA .) ]
  ! TkMayor         [ reduce using rule 52 (EXP_BINARIA -> EXP_BINARIA TkConjuncion EXP_BINARIA .) ]
  ! TkConjuncion    [ shift and go to state 53 ]
  ! TkDisyuncion    [ shift and go to state 54 ]


state 75

    (53) EXP_BINARIA -> EXP_BINARIA TkDisyuncion EXP_BINARIA .
    (47) EXP_BINARIA -> EXP_BINARIA . TkSuma EXP_BINARIA
    (48) EXP_BINARIA -> EXP_BINARIA . TkResta EXP_BINARIA
    (49) EXP_BINARIA -> EXP_BINARIA . TkMult EXP_BINARIA
    (50) EXP_BINARIA -> EXP_BINARIA . TkDiv EXP_BINARIA
    (51) EXP_BINARIA -> EXP_BINARIA . TkMod EXP_BINARIA
    (52) EXP_BINARIA -> EXP_BINARIA . TkConjuncion EXP_BINARIA
    (53) EXP_BINARIA -> EXP_BINARIA . TkDisyuncion EXP_BINARIA
    (54) EXP_BINARIA -> EXP_BINARIA . TkIgual EXP_BINARIA
    (55) EXP_BINARIA -> EXP_BINARIA . TkNoIgual EXP_BINARIA
    (56) EXP_BINARIA -> EXP_BINARIA . TkMenorIgual EXP_BINARIA
    (57) EXP_BINARIA -> EXP_BINARIA . TkMayorIgual EXP_BINARIA
    (58) EXP_BINARIA -> EXP_BINARIA . TkMenor EXP_BINARIA
    (59) EXP_BINARIA -> EXP_BINARIA . TkMayor EXP_BINARIA

    TkDosPuntos     reduce using rule 53 (EXP_BINARIA -> EXP_BINARIA TkDisyuncion EXP_BINARIA .)
    TkDisyuncion    reduce using rule 53 (EXP_BINARIA -> EXP_BINARIA TkDisyuncion EXP_BINARIA .)
    TkParCierra     reduce using rule 53 (EXP_BINARIA -> EXP_BINARIA TkDisyuncion EXP_BINARIA .)
    TkPunto         reduce using rule 53 (EXP_BINARIA -> EXP_BINARIA TkDisyuncion EXP_BINARIA .)
    TkSuma          shift and go to state 48
    TkResta         shift and go to state 49
    TkMult          shift and go to state 50
    TkDiv           shift and go to state 51
    TkMod           shift and go to state 52
    TkConjuncion    shift and go to state 53
    TkIgual         shift and go to state 55
    TkNoIgual       shift and go to state 56
    TkMenorIgual    shift and go to state 57
    TkMayorIgual    shift and go to state 58
    TkMenor         shift and go to state 59
    TkMayor         shift and go to state 60

  ! TkSuma          [ reduce using rule 53 (EXP_BINARIA -> EXP_BINARIA TkDisyuncion EXP_BINARIA .) ]
  ! TkResta         [ reduce using rule 53 (EXP_BINARIA -> EXP_BINARIA TkDisyuncion EXP_BINARIA .) ]
  ! TkMult          [ reduce using rule 53 (EXP_BINARIA -> EXP_BINARIA TkDisyuncion EXP_BINARIA .) ]
  ! TkDiv           [ reduce using rule 53 (EXP_BINARIA -> EXP_BINARIA TkDisyuncion EXP_BINARIA .) ]
  ! TkMod           [ reduce using rule 53 (EXP_BINARIA -> EXP_BINARIA TkDisyuncion EXP_BINARIA .) ]
  ! TkConjuncion    [ reduce using rule 53 (EXP_BINARIA -> EXP_BINARIA TkDisyuncion EXP_BINARIA .) ]
  ! TkIgual         [ reduce using rule 53 (EXP_BINARIA -> EXP_BINARIA TkDisyuncion EXP_BINARIA .) ]
  ! TkNoIgual       [ reduce using rule 53 (EXP_BINARIA -> EXP_BINARIA TkDisyuncion EXP_BINARIA .) ]
  ! TkMenorIgual    [ reduce using rule 53 (EXP_BINARIA -> EXP_BINARIA TkDisyuncion EXP_BINARIA .) ]
  ! TkMayorIgual    [ reduce using rule 53 (EXP_BINARIA -> EXP_BINARIA TkDisyuncion EXP_BINARIA .) ]
  ! TkMenor         [ reduce using rule 53 (EXP_BINARIA -> EXP_BINARIA TkDisyuncion EXP_BINARIA .) ]
  ! TkMayor         [ reduce using rule 53 (EXP_BINARIA -> EXP_BINARIA TkDisyuncion EXP_BINARIA .) ]
  ! TkDisyuncion    [ shift and go to state 54 ]


state 76

    (54) EXP_BINARIA -> EXP_BINARIA TkIgual EXP_BINARIA .
    (47) EXP_BINARIA -> EXP_BINARIA . TkSuma EXP_BINARIA
    (48) EXP_BINARIA -> EXP_BINARIA . TkResta EXP_BINARIA
    (49) EXP_BINARIA -> EXP_BINARIA . TkMult EXP_BINARIA
    (50) EXP_BINARIA -> EXP_BINARIA . TkDiv EXP_BINARIA
    (51) EXP_BINARIA -> EXP_BINARIA . TkMod EXP_BINARIA
    (52) EXP_BINARIA -> EXP_BINARIA . TkConjuncion EXP_BINARIA
    (53) EXP_BINARIA -> EXP_BINARIA . TkDisyuncion EXP_BINARIA
    (54) EXP_BINARIA -> EXP_BINARIA . TkIgual EXP_BINARIA
    (55) EXP_BINARIA -> EXP_BINARIA . TkNoIgual EXP_BINARIA
    (56) EXP_BINARIA -> EXP_BINARIA . TkMenorIgual EXP_BINARIA
    (57) EXP_BINARIA -> EXP_BINARIA . TkMayorIgual EXP_BINARIA
    (58) EXP_BINARIA -> EXP_BINARIA . TkMenor EXP_BINARIA
    (59) EXP_BINARIA -> EXP_BINARIA . TkMayor EXP_BINARIA

    TkDosPuntos     reduce using rule 54 (EXP_BINARIA -> EXP_BINARIA TkIgual EXP_BINARIA .)
    TkConjuncion    reduce using rule 54 (EXP_BINARIA -> EXP_BINARIA TkIgual EXP_BINARIA .)
    TkDisyuncion    reduce using rule 54 (EXP_BINARIA -> EXP_BINARIA TkIgual EXP_BINARIA .)
    TkIgual         reduce using rule 54 (EXP_BINARIA -> EXP_BINARIA TkIgual EXP_BINARIA .)
    TkNoIgual       reduce using rule 54 (EXP_BINARIA -> EXP_BINARIA TkIgual EXP_BINARIA .)
    TkMenorIgual    reduce using rule 54 (EXP_BINARIA -> EXP_BINARIA TkIgual EXP_BINARIA .)
    TkMayorIgual    reduce using rule 54 (EXP_BINARIA -> EXP_BINARIA TkIgual EXP_BINARIA .)
    TkMenor         reduce using rule 54 (EXP_BINARIA -> EXP_BINARIA TkIgual EXP_BINARIA .)
    TkMayor         reduce using rule 54 (EXP_BINARIA -> EXP_BINARIA TkIgual EXP_BINARIA .)
    TkParCierra     reduce using rule 54 (EXP_BINARIA -> EXP_BINARIA TkIgual EXP_BINARIA .)
    TkPunto         reduce using rule 54 (EXP_BINARIA -> EXP_BINARIA TkIgual EXP_BINARIA .)
    TkSuma          shift and go to state 48
    TkResta         shift and go to state 49
    TkMult          shift and go to state 50
    TkDiv           shift and go to state 51
    TkMod           shift and go to state 52

  ! TkSuma          [ reduce using rule 54 (EXP_BINARIA -> EXP_BINARIA TkIgual EXP_BINARIA .) ]
  ! TkResta         [ reduce using rule 54 (EXP_BINARIA -> EXP_BINARIA TkIgual EXP_BINARIA .) ]
  ! TkMult          [ reduce using rule 54 (EXP_BINARIA -> EXP_BINARIA TkIgual EXP_BINARIA .) ]
  ! TkDiv           [ reduce using rule 54 (EXP_BINARIA -> EXP_BINARIA TkIgual EXP_BINARIA .) ]
  ! TkMod           [ reduce using rule 54 (EXP_BINARIA -> EXP_BINARIA TkIgual EXP_BINARIA .) ]
  ! TkConjuncion    [ shift and go to state 53 ]
  ! TkDisyuncion    [ shift and go to state 54 ]
  ! TkIgual         [ shift and go to state 55 ]
  ! TkNoIgual       [ shift and go to state 56 ]
  ! TkMenorIgual    [ shift and go to state 57 ]
  ! TkMayorIgual    [ shift and go to state 58 ]
  ! TkMenor         [ shift and go to state 59 ]
  ! TkMayor         [ shift and go to state 60 ]


state 77

    (55) EXP_BINARIA -> EXP_BINARIA TkNoIgual EXP_BINARIA .
    (47) EXP_BINARIA -> EXP_BINARIA . TkSuma EXP_BINARIA
    (48) EXP_BINARIA -> EXP_BINARIA . TkResta EXP_BINARIA
    (49) EXP_BINARIA -> EXP_BINARIA . TkMult EXP_BINARIA
    (50) EXP_BINARIA -> EXP_BINARIA . TkDiv EXP_BINARIA
    (51) EXP_BINARIA -> EXP_BINARIA . TkMod EXP_BINARIA
    (52) EXP_BINARIA -> EXP_BINARIA . TkConjuncion EXP_BINARIA
    (53) EXP_BINARIA -> EXP_BINARIA . TkDisyuncion EXP_BINARIA
    (54) EXP_BINARIA -> EXP_BINARIA . TkIgual EXP_BINARIA
    (55) EXP_BINARIA -> EXP_BINARIA . TkNoIgual EXP_BINARIA
    (56) EXP_BINARIA -> EXP_BINARIA . TkMenorIgual EXP_BINARIA
    (57) EXP_BINARIA -> EXP_BINARIA . TkMayorIgual EXP_BINARIA
    (58) EXP_BINARIA -> EXP_BINARIA . TkMenor EXP_BINARIA
    (59) EXP_BINARIA -> EXP_BINARIA . TkMayor EXP_BINARIA

    TkDosPuntos     reduce using rule 55 (EXP_BINARIA -> EXP_BINARIA TkNoIgual EXP_BINARIA .)
    TkConjuncion    reduce using rule 55 (EXP_BINARIA -> EXP_BINARIA TkNoIgual EXP_BINARIA .)
    TkDisyuncion    reduce using rule 55 (EXP_BINARIA -> EXP_BINARIA TkNoIgual EXP_BINARIA .)
    TkIgual         reduce using rule 55 (EXP_BINARIA -> EXP_BINARIA TkNoIgual EXP_BINARIA .)
    TkNoIgual       reduce using rule 55 (EXP_BINARIA -> EXP_BINARIA TkNoIgual EXP_BINARIA .)
    TkMenorIgual    reduce using rule 55 (EXP_BINARIA -> EXP_BINARIA TkNoIgual EXP_BINARIA .)
    TkMayorIgual    reduce using rule 55 (EXP_BINARIA -> EXP_BINARIA TkNoIgual EXP_BINARIA .)
    TkMenor         reduce using rule 55 (EXP_BINARIA -> EXP_BINARIA TkNoIgual EXP_BINARIA .)
    TkMayor         reduce using rule 55 (EXP_BINARIA -> EXP_BINARIA TkNoIgual EXP_BINARIA .)
    TkParCierra     reduce using rule 55 (EXP_BINARIA -> EXP_BINARIA TkNoIgual EXP_BINARIA .)
    TkPunto         reduce using rule 55 (EXP_BINARIA -> EXP_BINARIA TkNoIgual EXP_BINARIA .)
    TkSuma          shift and go to state 48
    TkResta         shift and go to state 49
    TkMult          shift and go to state 50
    TkDiv           shift and go to state 51
    TkMod           shift and go to state 52

  ! TkSuma          [ reduce using rule 55 (EXP_BINARIA -> EXP_BINARIA TkNoIgual EXP_BINARIA .) ]
  ! TkResta         [ reduce using rule 55 (EXP_BINARIA -> EXP_BINARIA TkNoIgual EXP_BINARIA .) ]
  ! TkMult          [ reduce using rule 55 (EXP_BINARIA -> EXP_BINARIA TkNoIgual EXP_BINARIA .) ]
  ! TkDiv           [ reduce using rule 55 (EXP_BINARIA -> EXP_BINARIA TkNoIgual EXP_BINARIA .) ]
  ! TkMod           [ reduce using rule 55 (EXP_BINARIA -> EXP_BINARIA TkNoIgual EXP_BINARIA .) ]
  ! TkConjuncion    [ shift and go to state 53 ]
  ! TkDisyuncion    [ shift and go to state 54 ]
  ! TkIgual         [ shift and go to state 55 ]
  ! TkNoIgual       [ shift and go to state 56 ]
  ! TkMenorIgual    [ shift and go to state 57 ]
  ! TkMayorIgual    [ shift and go to state 58 ]
  ! TkMenor         [ shift and go to state 59 ]
  ! TkMayor         [ shift and go to state 60 ]


state 78

    (56) EXP_BINARIA -> EXP_BINARIA TkMenorIgual EXP_BINARIA .
    (47) EXP_BINARIA -> EXP_BINARIA . TkSuma EXP_BINARIA
    (48) EXP_BINARIA -> EXP_BINARIA . TkResta EXP_BINARIA
    (49) EXP_BINARIA -> EXP_BINARIA . TkMult EXP_BINARIA
    (50) EXP_BINARIA -> EXP_BINARIA . TkDiv EXP_BINARIA
    (51) EXP_BINARIA -> EXP_BINARIA . TkMod EXP_BINARIA
    (52) EXP_BINARIA -> EXP_BINARIA . TkConjuncion EXP_BINARIA
    (53) EXP_BINARIA -> EXP_BINARIA . TkDisyuncion EXP_BINARIA
    (54) EXP_BINARIA -> EXP_BINARIA . TkIgual EXP_BINARIA
    (55) EXP_BINARIA -> EXP_BINARIA . TkNoIgual EXP_BINARIA
    (56) EXP_BINARIA -> EXP_BINARIA . TkMenorIgual EXP_BINARIA
    (57) EXP_BINARIA -> EXP_BINARIA . TkMayorIgual EXP_BINARIA
    (58) EXP_BINARIA -> EXP_BINARIA . TkMenor EXP_BINARIA
    (59) EXP_BINARIA -> EXP_BINARIA . TkMayor EXP_BINARIA

    TkDosPuntos     reduce using rule 56 (EXP_BINARIA -> EXP_BINARIA TkMenorIgual EXP_BINARIA .)
    TkConjuncion    reduce using rule 56 (EXP_BINARIA -> EXP_BINARIA TkMenorIgual EXP_BINARIA .)
    TkDisyuncion    reduce using rule 56 (EXP_BINARIA -> EXP_BINARIA TkMenorIgual EXP_BINARIA .)
    TkIgual         reduce using rule 56 (EXP_BINARIA -> EXP_BINARIA TkMenorIgual EXP_BINARIA .)
    TkNoIgual       reduce using rule 56 (EXP_BINARIA -> EXP_BINARIA TkMenorIgual EXP_BINARIA .)
    TkMenorIgual    reduce using rule 56 (EXP_BINARIA -> EXP_BINARIA TkMenorIgual EXP_BINARIA .)
    TkMayorIgual    reduce using rule 56 (EXP_BINARIA -> EXP_BINARIA TkMenorIgual EXP_BINARIA .)
    TkMenor         reduce using rule 56 (EXP_BINARIA -> EXP_BINARIA TkMenorIgual EXP_BINARIA .)
    TkMayor         reduce using rule 56 (EXP_BINARIA -> EXP_BINARIA TkMenorIgual EXP_BINARIA .)
    TkParCierra     reduce using rule 56 (EXP_BINARIA -> EXP_BINARIA TkMenorIgual EXP_BINARIA .)
    TkPunto         reduce using rule 56 (EXP_BINARIA -> EXP_BINARIA TkMenorIgual EXP_BINARIA .)
    TkSuma          shift and go to state 48
    TkResta         shift and go to state 49
    TkMult          shift and go to state 50
    TkDiv           shift and go to state 51
    TkMod           shift and go to state 52

  ! TkSuma          [ reduce using rule 56 (EXP_BINARIA -> EXP_BINARIA TkMenorIgual EXP_BINARIA .) ]
  ! TkResta         [ reduce using rule 56 (EXP_BINARIA -> EXP_BINARIA TkMenorIgual EXP_BINARIA .) ]
  ! TkMult          [ reduce using rule 56 (EXP_BINARIA -> EXP_BINARIA TkMenorIgual EXP_BINARIA .) ]
  ! TkDiv           [ reduce using rule 56 (EXP_BINARIA -> EXP_BINARIA TkMenorIgual EXP_BINARIA .) ]
  ! TkMod           [ reduce using rule 56 (EXP_BINARIA -> EXP_BINARIA TkMenorIgual EXP_BINARIA .) ]
  ! TkConjuncion    [ shift and go to state 53 ]
  ! TkDisyuncion    [ shift and go to state 54 ]
  ! TkIgual         [ shift and go to state 55 ]
  ! TkNoIgual       [ shift and go to state 56 ]
  ! TkMenorIgual    [ shift and go to state 57 ]
  ! TkMayorIgual    [ shift and go to state 58 ]
  ! TkMenor         [ shift and go to state 59 ]
  ! TkMayor         [ shift and go to state 60 ]


state 79

    (57) EXP_BINARIA -> EXP_BINARIA TkMayorIgual EXP_BINARIA .
    (47) EXP_BINARIA -> EXP_BINARIA . TkSuma EXP_BINARIA
    (48) EXP_BINARIA -> EXP_BINARIA . TkResta EXP_BINARIA
    (49) EXP_BINARIA -> EXP_BINARIA . TkMult EXP_BINARIA
    (50) EXP_BINARIA -> EXP_BINARIA . TkDiv EXP_BINARIA
    (51) EXP_BINARIA -> EXP_BINARIA . TkMod EXP_BINARIA
    (52) EXP_BINARIA -> EXP_BINARIA . TkConjuncion EXP_BINARIA
    (53) EXP_BINARIA -> EXP_BINARIA . TkDisyuncion EXP_BINARIA
    (54) EXP_BINARIA -> EXP_BINARIA . TkIgual EXP_BINARIA
    (55) EXP_BINARIA -> EXP_BINARIA . TkNoIgual EXP_BINARIA
    (56) EXP_BINARIA -> EXP_BINARIA . TkMenorIgual EXP_BINARIA
    (57) EXP_BINARIA -> EXP_BINARIA . TkMayorIgual EXP_BINARIA
    (58) EXP_BINARIA -> EXP_BINARIA . TkMenor EXP_BINARIA
    (59) EXP_BINARIA -> EXP_BINARIA . TkMayor EXP_BINARIA

    TkDosPuntos     reduce using rule 57 (EXP_BINARIA -> EXP_BINARIA TkMayorIgual EXP_BINARIA .)
    TkConjuncion    reduce using rule 57 (EXP_BINARIA -> EXP_BINARIA TkMayorIgual EXP_BINARIA .)
    TkDisyuncion    reduce using rule 57 (EXP_BINARIA -> EXP_BINARIA TkMayorIgual EXP_BINARIA .)
    TkIgual         reduce using rule 57 (EXP_BINARIA -> EXP_BINARIA TkMayorIgual EXP_BINARIA .)
    TkNoIgual       reduce using rule 57 (EXP_BINARIA -> EXP_BINARIA TkMayorIgual EXP_BINARIA .)
    TkMenorIgual    reduce using rule 57 (EXP_BINARIA -> EXP_BINARIA TkMayorIgual EXP_BINARIA .)
    TkMayorIgual    reduce using rule 57 (EXP_BINARIA -> EXP_BINARIA TkMayorIgual EXP_BINARIA .)
    TkMenor         reduce using rule 57 (EXP_BINARIA -> EXP_BINARIA TkMayorIgual EXP_BINARIA .)
    TkMayor         reduce using rule 57 (EXP_BINARIA -> EXP_BINARIA TkMayorIgual EXP_BINARIA .)
    TkParCierra     reduce using rule 57 (EXP_BINARIA -> EXP_BINARIA TkMayorIgual EXP_BINARIA .)
    TkPunto         reduce using rule 57 (EXP_BINARIA -> EXP_BINARIA TkMayorIgual EXP_BINARIA .)
    TkSuma          shift and go to state 48
    TkResta         shift and go to state 49
    TkMult          shift and go to state 50
    TkDiv           shift and go to state 51
    TkMod           shift and go to state 52

  ! TkSuma          [ reduce using rule 57 (EXP_BINARIA -> EXP_BINARIA TkMayorIgual EXP_BINARIA .) ]
  ! TkResta         [ reduce using rule 57 (EXP_BINARIA -> EXP_BINARIA TkMayorIgual EXP_BINARIA .) ]
  ! TkMult          [ reduce using rule 57 (EXP_BINARIA -> EXP_BINARIA TkMayorIgual EXP_BINARIA .) ]
  ! TkDiv           [ reduce using rule 57 (EXP_BINARIA -> EXP_BINARIA TkMayorIgual EXP_BINARIA .) ]
  ! TkMod           [ reduce using rule 57 (EXP_BINARIA -> EXP_BINARIA TkMayorIgual EXP_BINARIA .) ]
  ! TkConjuncion    [ shift and go to state 53 ]
  ! TkDisyuncion    [ shift and go to state 54 ]
  ! TkIgual         [ shift and go to state 55 ]
  ! TkNoIgual       [ shift and go to state 56 ]
  ! TkMenorIgual    [ shift and go to state 57 ]
  ! TkMayorIgual    [ shift and go to state 58 ]
  ! TkMenor         [ shift and go to state 59 ]
  ! TkMayor         [ shift and go to state 60 ]


state 80

    (58) EXP_BINARIA -> EXP_BINARIA TkMenor EXP_BINARIA .
    (47) EXP_BINARIA -> EXP_BINARIA . TkSuma EXP_BINARIA
    (48) EXP_BINARIA -> EXP_BINARIA . TkResta EXP_BINARIA
    (49) EXP_BINARIA -> EXP_BINARIA . TkMult EXP_BINARIA
    (50) EXP_BINARIA -> EXP_BINARIA . TkDiv EXP_BINARIA
    (51) EXP_BINARIA -> EXP_BINARIA . TkMod EXP_BINARIA
    (52) EXP_BINARIA -> EXP_BINARIA . TkConjuncion EXP_BINARIA
    (53) EXP_BINARIA -> EXP_BINARIA . TkDisyuncion EXP_BINARIA
    (54) EXP_BINARIA -> EXP_BINARIA . TkIgual EXP_BINARIA
    (55) EXP_BINARIA -> EXP_BINARIA . TkNoIgual EXP_BINARIA
    (56) EXP_BINARIA -> EXP_BINARIA . TkMenorIgual EXP_BINARIA
    (57) EXP_BINARIA -> EXP_BINARIA . TkMayorIgual EXP_BINARIA
    (58) EXP_BINARIA -> EXP_BINARIA . TkMenor EXP_BINARIA
    (59) EXP_BINARIA -> EXP_BINARIA . TkMayor EXP_BINARIA

    TkDosPuntos     reduce using rule 58 (EXP_BINARIA -> EXP_BINARIA TkMenor EXP_BINARIA .)
    TkConjuncion    reduce using rule 58 (EXP_BINARIA -> EXP_BINARIA TkMenor EXP_BINARIA .)
    TkDisyuncion    reduce using rule 58 (EXP_BINARIA -> EXP_BINARIA TkMenor EXP_BINARIA .)
    TkIgual         reduce using rule 58 (EXP_BINARIA -> EXP_BINARIA TkMenor EXP_BINARIA .)
    TkNoIgual       reduce using rule 58 (EXP_BINARIA -> EXP_BINARIA TkMenor EXP_BINARIA .)
    TkMenorIgual    reduce using rule 58 (EXP_BINARIA -> EXP_BINARIA TkMenor EXP_BINARIA .)
    TkMayorIgual    reduce using rule 58 (EXP_BINARIA -> EXP_BINARIA TkMenor EXP_BINARIA .)
    TkMenor         reduce using rule 58 (EXP_BINARIA -> EXP_BINARIA TkMenor EXP_BINARIA .)
    TkMayor         reduce using rule 58 (EXP_BINARIA -> EXP_BINARIA TkMenor EXP_BINARIA .)
    TkParCierra     reduce using rule 58 (EXP_BINARIA -> EXP_BINARIA TkMenor EXP_BINARIA .)
    TkPunto         reduce using rule 58 (EXP_BINARIA -> EXP_BINARIA TkMenor EXP_BINARIA .)
    TkSuma          shift and go to state 48
    TkResta         shift and go to state 49
    TkMult          shift and go to state 50
    TkDiv           shift and go to state 51
    TkMod           shift and go to state 52

  ! TkSuma          [ reduce using rule 58 (EXP_BINARIA -> EXP_BINARIA TkMenor EXP_BINARIA .) ]
  ! TkResta         [ reduce using rule 58 (EXP_BINARIA -> EXP_BINARIA TkMenor EXP_BINARIA .) ]
  ! TkMult          [ reduce using rule 58 (EXP_BINARIA -> EXP_BINARIA TkMenor EXP_BINARIA .) ]
  ! TkDiv           [ reduce using rule 58 (EXP_BINARIA -> EXP_BINARIA TkMenor EXP_BINARIA .) ]
  ! TkMod           [ reduce using rule 58 (EXP_BINARIA -> EXP_BINARIA TkMenor EXP_BINARIA .) ]
  ! TkConjuncion    [ shift and go to state 53 ]
  ! TkDisyuncion    [ shift and go to state 54 ]
  ! TkIgual         [ shift and go to state 55 ]
  ! TkNoIgual       [ shift and go to state 56 ]
  ! TkMenorIgual    [ shift and go to state 57 ]
  ! TkMayorIgual    [ shift and go to state 58 ]
  ! TkMenor         [ shift and go to state 59 ]
  ! TkMayor         [ shift and go to state 60 ]


state 81

    (59) EXP_BINARIA -> EXP_BINARIA TkMayor EXP_BINARIA .
    (47) EXP_BINARIA -> EXP_BINARIA . TkSuma EXP_BINARIA
    (48) EXP_BINARIA -> EXP_BINARIA . TkResta EXP_BINARIA
    (49) EXP_BINARIA -> EXP_BINARIA . TkMult EXP_BINARIA
    (50) EXP_BINARIA -> EXP_BINARIA . TkDiv EXP_BINARIA
    (51) EXP_BINARIA -> EXP_BINARIA . TkMod EXP_BINARIA
    (52) EXP_BINARIA -> EXP_BINARIA . TkConjuncion EXP_BINARIA
    (53) EXP_BINARIA -> EXP_BINARIA . TkDisyuncion EXP_BINARIA
    (54) EXP_BINARIA -> EXP_BINARIA . TkIgual EXP_BINARIA
    (55) EXP_BINARIA -> EXP_BINARIA . TkNoIgual EXP_BINARIA
    (56) EXP_BINARIA -> EXP_BINARIA . TkMenorIgual EXP_BINARIA
    (57) EXP_BINARIA -> EXP_BINARIA . TkMayorIgual EXP_BINARIA
    (58) EXP_BINARIA -> EXP_BINARIA . TkMenor EXP_BINARIA
    (59) EXP_BINARIA -> EXP_BINARIA . TkMayor EXP_BINARIA

    TkDosPuntos     reduce using rule 59 (EXP_BINARIA -> EXP_BINARIA TkMayor EXP_BINARIA .)
    TkConjuncion    reduce using rule 59 (EXP_BINARIA -> EXP_BINARIA TkMayor EXP_BINARIA .)
    TkDisyuncion    reduce using rule 59 (EXP_BINARIA -> EXP_BINARIA TkMayor EXP_BINARIA .)
    TkIgual         reduce using rule 59 (EXP_BINARIA -> EXP_BINARIA TkMayor EXP_BINARIA .)
    TkNoIgual       reduce using rule 59 (EXP_BINARIA -> EXP_BINARIA TkMayor EXP_BINARIA .)
    TkMenorIgual    reduce using rule 59 (EXP_BINARIA -> EXP_BINARIA TkMayor EXP_BINARIA .)
    TkMayorIgual    reduce using rule 59 (EXP_BINARIA -> EXP_BINARIA TkMayor EXP_BINARIA .)
    TkMenor         reduce using rule 59 (EXP_BINARIA -> EXP_BINARIA TkMayor EXP_BINARIA .)
    TkMayor         reduce using rule 59 (EXP_BINARIA -> EXP_BINARIA TkMayor EXP_BINARIA .)
    TkParCierra     reduce using rule 59 (EXP_BINARIA -> EXP_BINARIA TkMayor EXP_BINARIA .)
    TkPunto         reduce using rule 59 (EXP_BINARIA -> EXP_BINARIA TkMayor EXP_BINARIA .)
    TkSuma          shift and go to state 48
    TkResta         shift and go to state 49
    TkMult          shift and go to state 50
    TkDiv           shift and go to state 51
    TkMod           shift and go to state 52

  ! TkSuma          [ reduce using rule 59 (EXP_BINARIA -> EXP_BINARIA TkMayor EXP_BINARIA .) ]
  ! TkResta         [ reduce using rule 59 (EXP_BINARIA -> EXP_BINARIA TkMayor EXP_BINARIA .) ]
  ! TkMult          [ reduce using rule 59 (EXP_BINARIA -> EXP_BINARIA TkMayor EXP_BINARIA .) ]
  ! TkDiv           [ reduce using rule 59 (EXP_BINARIA -> EXP_BINARIA TkMayor EXP_BINARIA .) ]
  ! TkMod           [ reduce using rule 59 (EXP_BINARIA -> EXP_BINARIA TkMayor EXP_BINARIA .) ]
  ! TkConjuncion    [ shift and go to state 53 ]
  ! TkDisyuncion    [ shift and go to state 54 ]
  ! TkIgual         [ shift and go to state 55 ]
  ! TkNoIgual       [ shift and go to state 56 ]
  ! TkMenorIgual    [ shift and go to state 57 ]
  ! TkMayorIgual    [ shift and go to state 58 ]
  ! TkMenor         [ shift and go to state 59 ]
  ! TkMayor         [ shift and go to state 60 ]


state 82

    (60) EXP_BINARIA -> TkParAbre EXP_BINARIA TkParCierra .

    TkDosPuntos     reduce using rule 60 (EXP_BINARIA -> TkParAbre EXP_BINARIA TkParCierra .)
    TkSuma          reduce using rule 60 (EXP_BINARIA -> TkParAbre EXP_BINARIA TkParCierra .)
    TkResta         reduce using rule 60 (EXP_BINARIA -> TkParAbre EXP_BINARIA TkParCierra .)
    TkMult          reduce using rule 60 (EXP_BINARIA -> TkParAbre EXP_BINARIA TkParCierra .)
    TkDiv           reduce using rule 60 (EXP_BINARIA -> TkParAbre EXP_BINARIA TkParCierra .)
    TkMod           reduce using rule 60 (EXP_BINARIA -> TkParAbre EXP_BINARIA TkParCierra .)
    TkConjuncion    reduce using rule 60 (EXP_BINARIA -> TkParAbre EXP_BINARIA TkParCierra .)
    TkDisyuncion    reduce using rule 60 (EXP_BINARIA -> TkParAbre EXP_BINARIA TkParCierra .)
    TkIgual         reduce using rule 60 (EXP_BINARIA -> TkParAbre EXP_BINARIA TkParCierra .)
    TkNoIgual       reduce using rule 60 (EXP_BINARIA -> TkParAbre EXP_BINARIA TkParCierra .)
    TkMenorIgual    reduce using rule 60 (EXP_BINARIA -> TkParAbre EXP_BINARIA TkParCierra .)
    TkMayorIgual    reduce using rule 60 (EXP_BINARIA -> TkParAbre EXP_BINARIA TkParCierra .)
    TkMenor         reduce using rule 60 (EXP_BINARIA -> TkParAbre EXP_BINARIA TkParCierra .)
    TkMayor         reduce using rule 60 (EXP_BINARIA -> TkParAbre EXP_BINARIA TkParCierra .)
    TkParCierra     reduce using rule 60 (EXP_BINARIA -> TkParAbre EXP_BINARIA TkParCierra .)
    TkPunto         reduce using rule 60 (EXP_BINARIA -> TkParAbre EXP_BINARIA TkParCierra .)


state 83

    (44) SIMPLE_INSTRUCTION_E -> TkWhile EXP_BINARIA TkDosPuntos INSTRUCTION_E . TkEnd
    (24) INSTRUCTION_E -> INSTRUCTION_E . SIMPLE_INSTRUCTION_E
    (39) SIMPLE_INSTRUCTION_E -> . TkActivate IDENT_LIST TkPunto
    (40) SIMPLE_INSTRUCTION_E -> . TkDeactivate IDENT_LIST TkPunto
    (41) SIMPLE_INSTRUCTION_E -> . TkAdvance IDENT_LIST TkPunto
    (42) SIMPLE_INSTRUCTION_E -> . TkIf EXP_BINARIA TkDosPuntos INSTRUCTION_E TkEnd
    (43) SIMPLE_INSTRUCTION_E -> . TkIf EXP_BINARIA TkDosPuntos INSTRUCTION_E TkElse TkDosPuntos INSTRUCTION_E TkEnd
    (44) SIMPLE_INSTRUCTION_E -> . TkWhile EXP_BINARIA TkDosPuntos INSTRUCTION_E TkEnd
    (45) SIMPLE_INSTRUCTION_E -> . CREATE EXECUTE CLOSE_SCOPE
    (2) CREATE -> . TkCreate OPEN_SCOPE DECLARATIONS
    (3) CREATE -> . OPEN_SCOPE
    (4) OPEN_SCOPE -> . empty
    (69) empty -> .

    TkEnd           shift and go to state 87
    TkActivate      shift and go to state 13
    TkDeactivate    shift and go to state 14
    TkAdvance       shift and go to state 15
    TkIf            shift and go to state 16
    TkWhile         shift and go to state 17
    TkCreate        shift and go to state 3
    TkExecute       reduce using rule 69 (empty -> .)

    SIMPLE_INSTRUCTION_E           shift and go to state 22
    CREATE                         shift and go to state 18
    OPEN_SCOPE                     shift and go to state 4
    empty                          shift and go to state 5

state 84

    (6) DECLARATIONS -> DECLARATIONS TYPE TkBot IDENT_LIST . REGISTER_ROBOTS ACTIONS TkEnd
    (13) IDENT_LIST -> IDENT_LIST . TkComa TkIdent
    (7) REGISTER_ROBOTS -> . empty
    (69) empty -> .

    TkComa          shift and go to state 44
    TkEnd           reduce using rule 69 (empty -> .)
    TkOn            reduce using rule 69 (empty -> .)

    REGISTER_ROBOTS                shift and go to state 88
    empty                          shift and go to state 89

state 85

    (42) SIMPLE_INSTRUCTION_E -> TkIf EXP_BINARIA TkDosPuntos INSTRUCTION_E TkEnd .

    TkEnd           reduce using rule 42 (SIMPLE_INSTRUCTION_E -> TkIf EXP_BINARIA TkDosPuntos INSTRUCTION_E TkEnd .)
    TkActivate      reduce using rule 42 (SIMPLE_INSTRUCTION_E -> TkIf EXP_BINARIA TkDosPuntos INSTRUCTION_E TkEnd .)
    TkDeactivate    reduce using rule 42 (SIMPLE_INSTRUCTION_E -> TkIf EXP_BINARIA TkDosPuntos INSTRUCTION_E TkEnd .)
    TkAdvance       reduce using rule 42 (SIMPLE_INSTRUCTION_E -> TkIf EXP_BINARIA TkDosPuntos INSTRUCTION_E TkEnd .)
    TkIf            reduce using rule 42 (SIMPLE_INSTRUCTION_E -> TkIf EXP_BINARIA TkDosPuntos INSTRUCTION_E TkEnd .)
    TkWhile         reduce using rule 42 (SIMPLE_INSTRUCTION_E -> TkIf EXP_BINARIA TkDosPuntos INSTRUCTION_E TkEnd .)
    TkCreate        reduce using rule 42 (SIMPLE_INSTRUCTION_E -> TkIf EXP_BINARIA TkDosPuntos INSTRUCTION_E TkEnd .)
    TkExecute       reduce using rule 42 (SIMPLE_INSTRUCTION_E -> TkIf EXP_BINARIA TkDosPuntos INSTRUCTION_E TkEnd .)
    TkElse          reduce using rule 42 (SIMPLE_INSTRUCTION_E -> TkIf EXP_BINARIA TkDosPuntos INSTRUCTION_E TkEnd .)


state 86

    (43) SIMPLE_INSTRUCTION_E -> TkIf EXP_BINARIA TkDosPuntos INSTRUCTION_E TkElse . TkDosPuntos INSTRUCTION_E TkEnd

    TkDosPuntos     shift and go to state 90


state 87

    (44) SIMPLE_INSTRUCTION_E -> TkWhile EXP_BINARIA TkDosPuntos INSTRUCTION_E TkEnd .

    TkEnd           reduce using rule 44 (SIMPLE_INSTRUCTION_E -> TkWhile EXP_BINARIA TkDosPuntos INSTRUCTION_E TkEnd .)
    TkActivate      reduce using rule 44 (SIMPLE_INSTRUCTION_E -> TkWhile EXP_BINARIA TkDosPuntos INSTRUCTION_E TkEnd .)
    TkDeactivate    reduce using rule 44 (SIMPLE_INSTRUCTION_E -> TkWhile EXP_BINARIA TkDosPuntos INSTRUCTION_E TkEnd .)
    TkAdvance       reduce using rule 44 (SIMPLE_INSTRUCTION_E -> TkWhile EXP_BINARIA TkDosPuntos INSTRUCTION_E TkEnd .)
    TkIf            reduce using rule 44 (SIMPLE_INSTRUCTION_E -> TkWhile EXP_BINARIA TkDosPuntos INSTRUCTION_E TkEnd .)
    TkWhile         reduce using rule 44 (SIMPLE_INSTRUCTION_E -> TkWhile EXP_BINARIA TkDosPuntos INSTRUCTION_E TkEnd .)
    TkCreate        reduce using rule 44 (SIMPLE_INSTRUCTION_E -> TkWhile EXP_BINARIA TkDosPuntos INSTRUCTION_E TkEnd .)
    TkExecute       reduce using rule 44 (SIMPLE_INSTRUCTION_E -> TkWhile EXP_BINARIA TkDosPuntos INSTRUCTION_E TkEnd .)
    TkElse          reduce using rule 44 (SIMPLE_INSTRUCTION_E -> TkWhile EXP_BINARIA TkDosPuntos INSTRUCTION_E TkEnd .)


state 88

    (6) DECLARATIONS -> DECLARATIONS TYPE TkBot IDENT_LIST REGISTER_ROBOTS . ACTIONS TkEnd
    (14) ACTIONS -> . ACTIONS TkOn ENTER_BEHAVIOR CONDITION TkDosPuntos OPEN_SCOPE INSTRUCTION_C TkEnd CLOSE_SCOPE EXIT_BEHAVIOR
    (17) ACTIONS -> . empty
    (69) empty -> .

    TkEnd           reduce using rule 69 (empty -> .)
    TkOn            reduce using rule 69 (empty -> .)

    ACTIONS                        shift and go to state 91
    empty                          shift and go to state 92

state 89

    (7) REGISTER_ROBOTS -> empty .

    TkEnd           reduce using rule 7 (REGISTER_ROBOTS -> empty .)
    TkOn            reduce using rule 7 (REGISTER_ROBOTS -> empty .)


state 90

    (43) SIMPLE_INSTRUCTION_E -> TkIf EXP_BINARIA TkDosPuntos INSTRUCTION_E TkElse TkDosPuntos . INSTRUCTION_E TkEnd
    (24) INSTRUCTION_E -> . INSTRUCTION_E SIMPLE_INSTRUCTION_E
    (25) INSTRUCTION_E -> . SIMPLE_INSTRUCTION_E
    (39) SIMPLE_INSTRUCTION_E -> . TkActivate IDENT_LIST TkPunto
    (40) SIMPLE_INSTRUCTION_E -> . TkDeactivate IDENT_LIST TkPunto
    (41) SIMPLE_INSTRUCTION_E -> . TkAdvance IDENT_LIST TkPunto
    (42) SIMPLE_INSTRUCTION_E -> . TkIf EXP_BINARIA TkDosPuntos INSTRUCTION_E TkEnd
    (43) SIMPLE_INSTRUCTION_E -> . TkIf EXP_BINARIA TkDosPuntos INSTRUCTION_E TkElse TkDosPuntos INSTRUCTION_E TkEnd
    (44) SIMPLE_INSTRUCTION_E -> . TkWhile EXP_BINARIA TkDosPuntos INSTRUCTION_E TkEnd
    (45) SIMPLE_INSTRUCTION_E -> . CREATE EXECUTE CLOSE_SCOPE
    (2) CREATE -> . TkCreate OPEN_SCOPE DECLARATIONS
    (3) CREATE -> . OPEN_SCOPE
    (4) OPEN_SCOPE -> . empty
    (69) empty -> .

    TkActivate      shift and go to state 13
    TkDeactivate    shift and go to state 14
    TkAdvance       shift and go to state 15
    TkIf            shift and go to state 16
    TkWhile         shift and go to state 17
    TkCreate        shift and go to state 3
    TkExecute       reduce using rule 69 (empty -> .)

    INSTRUCTION_E                  shift and go to state 93
    SIMPLE_INSTRUCTION_E           shift and go to state 12
    CREATE                         shift and go to state 18
    OPEN_SCOPE                     shift and go to state 4
    empty                          shift and go to state 5

state 91

    (6) DECLARATIONS -> DECLARATIONS TYPE TkBot IDENT_LIST REGISTER_ROBOTS ACTIONS . TkEnd
    (14) ACTIONS -> ACTIONS . TkOn ENTER_BEHAVIOR CONDITION TkDosPuntos OPEN_SCOPE INSTRUCTION_C TkEnd CLOSE_SCOPE EXIT_BEHAVIOR

    TkEnd           shift and go to state 94
    TkOn            shift and go to state 95


state 92

    (17) ACTIONS -> empty .

    TkEnd           reduce using rule 17 (ACTIONS -> empty .)
    TkOn            reduce using rule 17 (ACTIONS -> empty .)


state 93

    (43) SIMPLE_INSTRUCTION_E -> TkIf EXP_BINARIA TkDosPuntos INSTRUCTION_E TkElse TkDosPuntos INSTRUCTION_E . TkEnd
    (24) INSTRUCTION_E -> INSTRUCTION_E . SIMPLE_INSTRUCTION_E
    (39) SIMPLE_INSTRUCTION_E -> . TkActivate IDENT_LIST TkPunto
    (40) SIMPLE_INSTRUCTION_E -> . TkDeactivate IDENT_LIST TkPunto
    (41) SIMPLE_INSTRUCTION_E -> . TkAdvance IDENT_LIST TkPunto
    (42) SIMPLE_INSTRUCTION_E -> . TkIf EXP_BINARIA TkDosPuntos INSTRUCTION_E TkEnd
    (43) SIMPLE_INSTRUCTION_E -> . TkIf EXP_BINARIA TkDosPuntos INSTRUCTION_E TkElse TkDosPuntos INSTRUCTION_E TkEnd
    (44) SIMPLE_INSTRUCTION_E -> . TkWhile EXP_BINARIA TkDosPuntos INSTRUCTION_E TkEnd
    (45) SIMPLE_INSTRUCTION_E -> . CREATE EXECUTE CLOSE_SCOPE
    (2) CREATE -> . TkCreate OPEN_SCOPE DECLARATIONS
    (3) CREATE -> . OPEN_SCOPE
    (4) OPEN_SCOPE -> . empty
    (69) empty -> .

    TkEnd           shift and go to state 96
    TkActivate      shift and go to state 13
    TkDeactivate    shift and go to state 14
    TkAdvance       shift and go to state 15
    TkIf            shift and go to state 16
    TkWhile         shift and go to state 17
    TkCreate        shift and go to state 3
    TkExecute       reduce using rule 69 (empty -> .)

    SIMPLE_INSTRUCTION_E           shift and go to state 22
    CREATE                         shift and go to state 18
    OPEN_SCOPE                     shift and go to state 4
    empty                          shift and go to state 5

state 94

    (6) DECLARATIONS -> DECLARATIONS TYPE TkBot IDENT_LIST REGISTER_ROBOTS ACTIONS TkEnd .

    TkInt           reduce using rule 6 (DECLARATIONS -> DECLARATIONS TYPE TkBot IDENT_LIST REGISTER_ROBOTS ACTIONS TkEnd .)
    TkBool          reduce using rule 6 (DECLARATIONS -> DECLARATIONS TYPE TkBot IDENT_LIST REGISTER_ROBOTS ACTIONS TkEnd .)
    TkCaracter      reduce using rule 6 (DECLARATIONS -> DECLARATIONS TYPE TkBot IDENT_LIST REGISTER_ROBOTS ACTIONS TkEnd .)
    TkExecute       reduce using rule 6 (DECLARATIONS -> DECLARATIONS TYPE TkBot IDENT_LIST REGISTER_ROBOTS ACTIONS TkEnd .)


state 95

    (14) ACTIONS -> ACTIONS TkOn . ENTER_BEHAVIOR CONDITION TkDosPuntos OPEN_SCOPE INSTRUCTION_C TkEnd CLOSE_SCOPE EXIT_BEHAVIOR
    (15) ENTER_BEHAVIOR -> . empty
    (69) empty -> .

    TkActivation    reduce using rule 69 (empty -> .)
    TkDeactivation  reduce using rule 69 (empty -> .)
    TkDefault       reduce using rule 69 (empty -> .)
    TkParAbre       reduce using rule 69 (empty -> .)
    TkNegacion      reduce using rule 69 (empty -> .)
    TkResta         reduce using rule 69 (empty -> .)
    TkNum           reduce using rule 69 (empty -> .)
    TkMe            reduce using rule 69 (empty -> .)
    TkTrue          reduce using rule 69 (empty -> .)
    TkFalse         reduce using rule 69 (empty -> .)
    TkIdent         reduce using rule 69 (empty -> .)
    TkCaracter      reduce using rule 69 (empty -> .)

    ENTER_BEHAVIOR                 shift and go to state 97
    empty                          shift and go to state 98

state 96

    (43) SIMPLE_INSTRUCTION_E -> TkIf EXP_BINARIA TkDosPuntos INSTRUCTION_E TkElse TkDosPuntos INSTRUCTION_E TkEnd .

    TkEnd           reduce using rule 43 (SIMPLE_INSTRUCTION_E -> TkIf EXP_BINARIA TkDosPuntos INSTRUCTION_E TkElse TkDosPuntos INSTRUCTION_E TkEnd .)
    TkActivate      reduce using rule 43 (SIMPLE_INSTRUCTION_E -> TkIf EXP_BINARIA TkDosPuntos INSTRUCTION_E TkElse TkDosPuntos INSTRUCTION_E TkEnd .)
    TkDeactivate    reduce using rule 43 (SIMPLE_INSTRUCTION_E -> TkIf EXP_BINARIA TkDosPuntos INSTRUCTION_E TkElse TkDosPuntos INSTRUCTION_E TkEnd .)
    TkAdvance       reduce using rule 43 (SIMPLE_INSTRUCTION_E -> TkIf EXP_BINARIA TkDosPuntos INSTRUCTION_E TkElse TkDosPuntos INSTRUCTION_E TkEnd .)
    TkIf            reduce using rule 43 (SIMPLE_INSTRUCTION_E -> TkIf EXP_BINARIA TkDosPuntos INSTRUCTION_E TkElse TkDosPuntos INSTRUCTION_E TkEnd .)
    TkWhile         reduce using rule 43 (SIMPLE_INSTRUCTION_E -> TkIf EXP_BINARIA TkDosPuntos INSTRUCTION_E TkElse TkDosPuntos INSTRUCTION_E TkEnd .)
    TkCreate        reduce using rule 43 (SIMPLE_INSTRUCTION_E -> TkIf EXP_BINARIA TkDosPuntos INSTRUCTION_E TkElse TkDosPuntos INSTRUCTION_E TkEnd .)
    TkExecute       reduce using rule 43 (SIMPLE_INSTRUCTION_E -> TkIf EXP_BINARIA TkDosPuntos INSTRUCTION_E TkElse TkDosPuntos INSTRUCTION_E TkEnd .)
    TkElse          reduce using rule 43 (SIMPLE_INSTRUCTION_E -> TkIf EXP_BINARIA TkDosPuntos INSTRUCTION_E TkElse TkDosPuntos INSTRUCTION_E TkEnd .)


state 97

    (14) ACTIONS -> ACTIONS TkOn ENTER_BEHAVIOR . CONDITION TkDosPuntos OPEN_SCOPE INSTRUCTION_C TkEnd CLOSE_SCOPE EXIT_BEHAVIOR
    (18) CONDITION -> . TkActivation
    (19) CONDITION -> . TkDeactivation
    (20) CONDITION -> . EXP_BINARIA
    (21) CONDITION -> . TkDefault
    (47) EXP_BINARIA -> . EXP_BINARIA TkSuma EXP_BINARIA
    (48) EXP_BINARIA -> . EXP_BINARIA TkResta EXP_BINARIA
    (49) EXP_BINARIA -> . EXP_BINARIA TkMult EXP_BINARIA
    (50) EXP_BINARIA -> . EXP_BINARIA TkDiv EXP_BINARIA
    (51) EXP_BINARIA -> . EXP_BINARIA TkMod EXP_BINARIA
    (52) EXP_BINARIA -> . EXP_BINARIA TkConjuncion EXP_BINARIA
    (53) EXP_BINARIA -> . EXP_BINARIA TkDisyuncion EXP_BINARIA
    (54) EXP_BINARIA -> . EXP_BINARIA TkIgual EXP_BINARIA
    (55) EXP_BINARIA -> . EXP_BINARIA TkNoIgual EXP_BINARIA
    (56) EXP_BINARIA -> . EXP_BINARIA TkMenorIgual EXP_BINARIA
    (57) EXP_BINARIA -> . EXP_BINARIA TkMayorIgual EXP_BINARIA
    (58) EXP_BINARIA -> . EXP_BINARIA TkMenor EXP_BINARIA
    (59) EXP_BINARIA -> . EXP_BINARIA TkMayor EXP_BINARIA
    (60) EXP_BINARIA -> . TkParAbre EXP_BINARIA TkParCierra
    (61) EXP_BINARIA -> . TkNegacion EXP_BINARIA
    (62) EXP_BINARIA -> . TkResta EXP_BINARIA
    (63) EXP_BINARIA -> . TkNum
    (64) EXP_BINARIA -> . TkMe
    (65) EXP_BINARIA -> . TkTrue
    (66) EXP_BINARIA -> . TkFalse
    (67) EXP_BINARIA -> . TkIdent
    (68) EXP_BINARIA -> . TkCaracter

    TkActivation    shift and go to state 100
    TkDeactivation  shift and go to state 101
    TkDefault       shift and go to state 103
    TkParAbre       shift and go to state 29
    TkNegacion      shift and go to state 30
    TkResta         shift and go to state 28
    TkNum           shift and go to state 31
    TkMe            shift and go to state 32
    TkTrue          shift and go to state 33
    TkFalse         shift and go to state 34
    TkIdent         shift and go to state 35
    TkCaracter      shift and go to state 36

    CONDITION                      shift and go to state 99
    EXP_BINARIA                    shift and go to state 102

state 98

    (15) ENTER_BEHAVIOR -> empty .

    TkActivation    reduce using rule 15 (ENTER_BEHAVIOR -> empty .)
    TkDeactivation  reduce using rule 15 (ENTER_BEHAVIOR -> empty .)
    TkDefault       reduce using rule 15 (ENTER_BEHAVIOR -> empty .)
    TkParAbre       reduce using rule 15 (ENTER_BEHAVIOR -> empty .)
    TkNegacion      reduce using rule 15 (ENTER_BEHAVIOR -> empty .)
    TkResta         reduce using rule 15 (ENTER_BEHAVIOR -> empty .)
    TkNum           reduce using rule 15 (ENTER_BEHAVIOR -> empty .)
    TkMe            reduce using rule 15 (ENTER_BEHAVIOR -> empty .)
    TkTrue          reduce using rule 15 (ENTER_BEHAVIOR -> empty .)
    TkFalse         reduce using rule 15 (ENTER_BEHAVIOR -> empty .)
    TkIdent         reduce using rule 15 (ENTER_BEHAVIOR -> empty .)
    TkCaracter      reduce using rule 15 (ENTER_BEHAVIOR -> empty .)


state 99

    (14) ACTIONS -> ACTIONS TkOn ENTER_BEHAVIOR CONDITION . TkDosPuntos OPEN_SCOPE INSTRUCTION_C TkEnd CLOSE_SCOPE EXIT_BEHAVIOR

    TkDosPuntos     shift and go to state 104


state 100

    (18) CONDITION -> TkActivation .

    TkDosPuntos     reduce using rule 18 (CONDITION -> TkActivation .)


state 101

    (19) CONDITION -> TkDeactivation .

    TkDosPuntos     reduce using rule 19 (CONDITION -> TkDeactivation .)


state 102

    (20) CONDITION -> EXP_BINARIA .
    (47) EXP_BINARIA -> EXP_BINARIA . TkSuma EXP_BINARIA
    (48) EXP_BINARIA -> EXP_BINARIA . TkResta EXP_BINARIA
    (49) EXP_BINARIA -> EXP_BINARIA . TkMult EXP_BINARIA
    (50) EXP_BINARIA -> EXP_BINARIA . TkDiv EXP_BINARIA
    (51) EXP_BINARIA -> EXP_BINARIA . TkMod EXP_BINARIA
    (52) EXP_BINARIA -> EXP_BINARIA . TkConjuncion EXP_BINARIA
    (53) EXP_BINARIA -> EXP_BINARIA . TkDisyuncion EXP_BINARIA
    (54) EXP_BINARIA -> EXP_BINARIA . TkIgual EXP_BINARIA
    (55) EXP_BINARIA -> EXP_BINARIA . TkNoIgual EXP_BINARIA
    (56) EXP_BINARIA -> EXP_BINARIA . TkMenorIgual EXP_BINARIA
    (57) EXP_BINARIA -> EXP_BINARIA . TkMayorIgual EXP_BINARIA
    (58) EXP_BINARIA -> EXP_BINARIA . TkMenor EXP_BINARIA
    (59) EXP_BINARIA -> EXP_BINARIA . TkMayor EXP_BINARIA

    TkDosPuntos     reduce using rule 20 (CONDITION -> EXP_BINARIA .)
    TkSuma          shift and go to state 48
    TkResta         shift and go to state 49
    TkMult          shift and go to state 50
    TkDiv           shift and go to state 51
    TkMod           shift and go to state 52
    TkConjuncion    shift and go to state 53
    TkDisyuncion    shift and go to state 54
    TkIgual         shift and go to state 55
    TkNoIgual       shift and go to state 56
    TkMenorIgual    shift and go to state 57
    TkMayorIgual    shift and go to state 58
    TkMenor         shift and go to state 59
    TkMayor         shift and go to state 60


state 103

    (21) CONDITION -> TkDefault .

    TkDosPuntos     reduce using rule 21 (CONDITION -> TkDefault .)


state 104

    (14) ACTIONS -> ACTIONS TkOn ENTER_BEHAVIOR CONDITION TkDosPuntos . OPEN_SCOPE INSTRUCTION_C TkEnd CLOSE_SCOPE EXIT_BEHAVIOR
    (4) OPEN_SCOPE -> . empty
    (69) empty -> .

    TkStore         reduce using rule 69 (empty -> .)
    TkCollect       reduce using rule 69 (empty -> .)
    TkDrop          reduce using rule 69 (empty -> .)
    TkRead          reduce using rule 69 (empty -> .)
    TkSend          reduce using rule 69 (empty -> .)
    TkLeft          reduce using rule 69 (empty -> .)
    TkRight         reduce using rule 69 (empty -> .)
    TkUp            reduce using rule 69 (empty -> .)
    TkDown          reduce using rule 69 (empty -> .)

    OPEN_SCOPE                     shift and go to state 105
    empty                          shift and go to state 5

state 105

    (14) ACTIONS -> ACTIONS TkOn ENTER_BEHAVIOR CONDITION TkDosPuntos OPEN_SCOPE . INSTRUCTION_C TkEnd CLOSE_SCOPE EXIT_BEHAVIOR
    (22) INSTRUCTION_C -> . INSTRUCTION_C SIMPLE_INSTRUCTION_C
    (23) INSTRUCTION_C -> . SIMPLE_INSTRUCTION_C
    (26) SIMPLE_INSTRUCTION_C -> . TkStore EXP_BINARIA TkPunto
    (27) SIMPLE_INSTRUCTION_C -> . TkCollect TkPunto
    (28) SIMPLE_INSTRUCTION_C -> . TkCollect TkAs TkIdent TkPunto
    (29) SIMPLE_INSTRUCTION_C -> . TkDrop EXP_BINARIA TkPunto
    (34) SIMPLE_INSTRUCTION_C -> . TkRead TkPunto
    (35) SIMPLE_INSTRUCTION_C -> . TkRead TkAs TkIdent TkPunto
    (36) SIMPLE_INSTRUCTION_C -> . TkSend TkPunto
    (37) SIMPLE_INSTRUCTION_C -> . DIRECTION TkPunto
    (38) SIMPLE_INSTRUCTION_C -> . DIRECTION EXP_BINARIA TkPunto
    (30) DIRECTION -> . TkLeft
    (31) DIRECTION -> . TkRight
    (32) DIRECTION -> . TkUp
    (33) DIRECTION -> . TkDown

    TkStore         shift and go to state 108
    TkCollect       shift and go to state 109
    TkDrop          shift and go to state 110
    TkRead          shift and go to state 111
    TkSend          shift and go to state 112
    TkLeft          shift and go to state 114
    TkRight         shift and go to state 115
    TkUp            shift and go to state 116
    TkDown          shift and go to state 117

    INSTRUCTION_C                  shift and go to state 106
    SIMPLE_INSTRUCTION_C           shift and go to state 107
    DIRECTION                      shift and go to state 113

state 106

    (14) ACTIONS -> ACTIONS TkOn ENTER_BEHAVIOR CONDITION TkDosPuntos OPEN_SCOPE INSTRUCTION_C . TkEnd CLOSE_SCOPE EXIT_BEHAVIOR
    (22) INSTRUCTION_C -> INSTRUCTION_C . SIMPLE_INSTRUCTION_C
    (26) SIMPLE_INSTRUCTION_C -> . TkStore EXP_BINARIA TkPunto
    (27) SIMPLE_INSTRUCTION_C -> . TkCollect TkPunto
    (28) SIMPLE_INSTRUCTION_C -> . TkCollect TkAs TkIdent TkPunto
    (29) SIMPLE_INSTRUCTION_C -> . TkDrop EXP_BINARIA TkPunto
    (34) SIMPLE_INSTRUCTION_C -> . TkRead TkPunto
    (35) SIMPLE_INSTRUCTION_C -> . TkRead TkAs TkIdent TkPunto
    (36) SIMPLE_INSTRUCTION_C -> . TkSend TkPunto
    (37) SIMPLE_INSTRUCTION_C -> . DIRECTION TkPunto
    (38) SIMPLE_INSTRUCTION_C -> . DIRECTION EXP_BINARIA TkPunto
    (30) DIRECTION -> . TkLeft
    (31) DIRECTION -> . TkRight
    (32) DIRECTION -> . TkUp
    (33) DIRECTION -> . TkDown

    TkEnd           shift and go to state 118
    TkStore         shift and go to state 108
    TkCollect       shift and go to state 109
    TkDrop          shift and go to state 110
    TkRead          shift and go to state 111
    TkSend          shift and go to state 112
    TkLeft          shift and go to state 114
    TkRight         shift and go to state 115
    TkUp            shift and go to state 116
    TkDown          shift and go to state 117

    SIMPLE_INSTRUCTION_C           shift and go to state 119
    DIRECTION                      shift and go to state 113

state 107

    (23) INSTRUCTION_C -> SIMPLE_INSTRUCTION_C .

    TkEnd           reduce using rule 23 (INSTRUCTION_C -> SIMPLE_INSTRUCTION_C .)
    TkStore         reduce using rule 23 (INSTRUCTION_C -> SIMPLE_INSTRUCTION_C .)
    TkCollect       reduce using rule 23 (INSTRUCTION_C -> SIMPLE_INSTRUCTION_C .)
    TkDrop          reduce using rule 23 (INSTRUCTION_C -> SIMPLE_INSTRUCTION_C .)
    TkRead          reduce using rule 23 (INSTRUCTION_C -> SIMPLE_INSTRUCTION_C .)
    TkSend          reduce using rule 23 (INSTRUCTION_C -> SIMPLE_INSTRUCTION_C .)
    TkLeft          reduce using rule 23 (INSTRUCTION_C -> SIMPLE_INSTRUCTION_C .)
    TkRight         reduce using rule 23 (INSTRUCTION_C -> SIMPLE_INSTRUCTION_C .)
    TkUp            reduce using rule 23 (INSTRUCTION_C -> SIMPLE_INSTRUCTION_C .)
    TkDown          reduce using rule 23 (INSTRUCTION_C -> SIMPLE_INSTRUCTION_C .)


state 108

    (26) SIMPLE_INSTRUCTION_C -> TkStore . EXP_BINARIA TkPunto
    (47) EXP_BINARIA -> . EXP_BINARIA TkSuma EXP_BINARIA
    (48) EXP_BINARIA -> . EXP_BINARIA TkResta EXP_BINARIA
    (49) EXP_BINARIA -> . EXP_BINARIA TkMult EXP_BINARIA
    (50) EXP_BINARIA -> . EXP_BINARIA TkDiv EXP_BINARIA
    (51) EXP_BINARIA -> . EXP_BINARIA TkMod EXP_BINARIA
    (52) EXP_BINARIA -> . EXP_BINARIA TkConjuncion EXP_BINARIA
    (53) EXP_BINARIA -> . EXP_BINARIA TkDisyuncion EXP_BINARIA
    (54) EXP_BINARIA -> . EXP_BINARIA TkIgual EXP_BINARIA
    (55) EXP_BINARIA -> . EXP_BINARIA TkNoIgual EXP_BINARIA
    (56) EXP_BINARIA -> . EXP_BINARIA TkMenorIgual EXP_BINARIA
    (57) EXP_BINARIA -> . EXP_BINARIA TkMayorIgual EXP_BINARIA
    (58) EXP_BINARIA -> . EXP_BINARIA TkMenor EXP_BINARIA
    (59) EXP_BINARIA -> . EXP_BINARIA TkMayor EXP_BINARIA
    (60) EXP_BINARIA -> . TkParAbre EXP_BINARIA TkParCierra
    (61) EXP_BINARIA -> . TkNegacion EXP_BINARIA
    (62) EXP_BINARIA -> . TkResta EXP_BINARIA
    (63) EXP_BINARIA -> . TkNum
    (64) EXP_BINARIA -> . TkMe
    (65) EXP_BINARIA -> . TkTrue
    (66) EXP_BINARIA -> . TkFalse
    (67) EXP_BINARIA -> . TkIdent
    (68) EXP_BINARIA -> . TkCaracter

    TkParAbre       shift and go to state 29
    TkNegacion      shift and go to state 30
    TkResta         shift and go to state 28
    TkNum           shift and go to state 31
    TkMe            shift and go to state 32
    TkTrue          shift and go to state 33
    TkFalse         shift and go to state 34
    TkIdent         shift and go to state 35
    TkCaracter      shift and go to state 36

    EXP_BINARIA                    shift and go to state 120

state 109

    (27) SIMPLE_INSTRUCTION_C -> TkCollect . TkPunto
    (28) SIMPLE_INSTRUCTION_C -> TkCollect . TkAs TkIdent TkPunto

    TkPunto         shift and go to state 121
    TkAs            shift and go to state 122


state 110

    (29) SIMPLE_INSTRUCTION_C -> TkDrop . EXP_BINARIA TkPunto
    (47) EXP_BINARIA -> . EXP_BINARIA TkSuma EXP_BINARIA
    (48) EXP_BINARIA -> . EXP_BINARIA TkResta EXP_BINARIA
    (49) EXP_BINARIA -> . EXP_BINARIA TkMult EXP_BINARIA
    (50) EXP_BINARIA -> . EXP_BINARIA TkDiv EXP_BINARIA
    (51) EXP_BINARIA -> . EXP_BINARIA TkMod EXP_BINARIA
    (52) EXP_BINARIA -> . EXP_BINARIA TkConjuncion EXP_BINARIA
    (53) EXP_BINARIA -> . EXP_BINARIA TkDisyuncion EXP_BINARIA
    (54) EXP_BINARIA -> . EXP_BINARIA TkIgual EXP_BINARIA
    (55) EXP_BINARIA -> . EXP_BINARIA TkNoIgual EXP_BINARIA
    (56) EXP_BINARIA -> . EXP_BINARIA TkMenorIgual EXP_BINARIA
    (57) EXP_BINARIA -> . EXP_BINARIA TkMayorIgual EXP_BINARIA
    (58) EXP_BINARIA -> . EXP_BINARIA TkMenor EXP_BINARIA
    (59) EXP_BINARIA -> . EXP_BINARIA TkMayor EXP_BINARIA
    (60) EXP_BINARIA -> . TkParAbre EXP_BINARIA TkParCierra
    (61) EXP_BINARIA -> . TkNegacion EXP_BINARIA
    (62) EXP_BINARIA -> . TkResta EXP_BINARIA
    (63) EXP_BINARIA -> . TkNum
    (64) EXP_BINARIA -> . TkMe
    (65) EXP_BINARIA -> . TkTrue
    (66) EXP_BINARIA -> . TkFalse
    (67) EXP_BINARIA -> . TkIdent
    (68) EXP_BINARIA -> . TkCaracter

    TkParAbre       shift and go to state 29
    TkNegacion      shift and go to state 30
    TkResta         shift and go to state 28
    TkNum           shift and go to state 31
    TkMe            shift and go to state 32
    TkTrue          shift and go to state 33
    TkFalse         shift and go to state 34
    TkIdent         shift and go to state 35
    TkCaracter      shift and go to state 36

    EXP_BINARIA                    shift and go to state 123

state 111

    (34) SIMPLE_INSTRUCTION_C -> TkRead . TkPunto
    (35) SIMPLE_INSTRUCTION_C -> TkRead . TkAs TkIdent TkPunto

    TkPunto         shift and go to state 124
    TkAs            shift and go to state 125


state 112

    (36) SIMPLE_INSTRUCTION_C -> TkSend . TkPunto

    TkPunto         shift and go to state 126


state 113

    (37) SIMPLE_INSTRUCTION_C -> DIRECTION . TkPunto
    (38) SIMPLE_INSTRUCTION_C -> DIRECTION . EXP_BINARIA TkPunto
    (47) EXP_BINARIA -> . EXP_BINARIA TkSuma EXP_BINARIA
    (48) EXP_BINARIA -> . EXP_BINARIA TkResta EXP_BINARIA
    (49) EXP_BINARIA -> . EXP_BINARIA TkMult EXP_BINARIA
    (50) EXP_BINARIA -> . EXP_BINARIA TkDiv EXP_BINARIA
    (51) EXP_BINARIA -> . EXP_BINARIA TkMod EXP_BINARIA
    (52) EXP_BINARIA -> . EXP_BINARIA TkConjuncion EXP_BINARIA
    (53) EXP_BINARIA -> . EXP_BINARIA TkDisyuncion EXP_BINARIA
    (54) EXP_BINARIA -> . EXP_BINARIA TkIgual EXP_BINARIA
    (55) EXP_BINARIA -> . EXP_BINARIA TkNoIgual EXP_BINARIA
    (56) EXP_BINARIA -> . EXP_BINARIA TkMenorIgual EXP_BINARIA
    (57) EXP_BINARIA -> . EXP_BINARIA TkMayorIgual EXP_BINARIA
    (58) EXP_BINARIA -> . EXP_BINARIA TkMenor EXP_BINARIA
    (59) EXP_BINARIA -> . EXP_BINARIA TkMayor EXP_BINARIA
    (60) EXP_BINARIA -> . TkParAbre EXP_BINARIA TkParCierra
    (61) EXP_BINARIA -> . TkNegacion EXP_BINARIA
    (62) EXP_BINARIA -> . TkResta EXP_BINARIA
    (63) EXP_BINARIA -> . TkNum
    (64) EXP_BINARIA -> . TkMe
    (65) EXP_BINARIA -> . TkTrue
    (66) EXP_BINARIA -> . TkFalse
    (67) EXP_BINARIA -> . TkIdent
    (68) EXP_BINARIA -> . TkCaracter

    TkPunto         shift and go to state 127
    TkParAbre       shift and go to state 29
    TkNegacion      shift and go to state 30
    TkResta         shift and go to state 28
    TkNum           shift and go to state 31
    TkMe            shift and go to state 32
    TkTrue          shift and go to state 33
    TkFalse         shift and go to state 34
    TkIdent         shift and go to state 35
    TkCaracter      shift and go to state 36

    EXP_BINARIA                    shift and go to state 128

state 114

    (30) DIRECTION -> TkLeft .

    TkPunto         reduce using rule 30 (DIRECTION -> TkLeft .)
    TkParAbre       reduce using rule 30 (DIRECTION -> TkLeft .)
    TkNegacion      reduce using rule 30 (DIRECTION -> TkLeft .)
    TkResta         reduce using rule 30 (DIRECTION -> TkLeft .)
    TkNum           reduce using rule 30 (DIRECTION -> TkLeft .)
    TkMe            reduce using rule 30 (DIRECTION -> TkLeft .)
    TkTrue          reduce using rule 30 (DIRECTION -> TkLeft .)
    TkFalse         reduce using rule 30 (DIRECTION -> TkLeft .)
    TkIdent         reduce using rule 30 (DIRECTION -> TkLeft .)
    TkCaracter      reduce using rule 30 (DIRECTION -> TkLeft .)


state 115

    (31) DIRECTION -> TkRight .

    TkPunto         reduce using rule 31 (DIRECTION -> TkRight .)
    TkParAbre       reduce using rule 31 (DIRECTION -> TkRight .)
    TkNegacion      reduce using rule 31 (DIRECTION -> TkRight .)
    TkResta         reduce using rule 31 (DIRECTION -> TkRight .)
    TkNum           reduce using rule 31 (DIRECTION -> TkRight .)
    TkMe            reduce using rule 31 (DIRECTION -> TkRight .)
    TkTrue          reduce using rule 31 (DIRECTION -> TkRight .)
    TkFalse         reduce using rule 31 (DIRECTION -> TkRight .)
    TkIdent         reduce using rule 31 (DIRECTION -> TkRight .)
    TkCaracter      reduce using rule 31 (DIRECTION -> TkRight .)


state 116

    (32) DIRECTION -> TkUp .

    TkPunto         reduce using rule 32 (DIRECTION -> TkUp .)
    TkParAbre       reduce using rule 32 (DIRECTION -> TkUp .)
    TkNegacion      reduce using rule 32 (DIRECTION -> TkUp .)
    TkResta         reduce using rule 32 (DIRECTION -> TkUp .)
    TkNum           reduce using rule 32 (DIRECTION -> TkUp .)
    TkMe            reduce using rule 32 (DIRECTION -> TkUp .)
    TkTrue          reduce using rule 32 (DIRECTION -> TkUp .)
    TkFalse         reduce using rule 32 (DIRECTION -> TkUp .)
    TkIdent         reduce using rule 32 (DIRECTION -> TkUp .)
    TkCaracter      reduce using rule 32 (DIRECTION -> TkUp .)


state 117

    (33) DIRECTION -> TkDown .

    TkPunto         reduce using rule 33 (DIRECTION -> TkDown .)
    TkParAbre       reduce using rule 33 (DIRECTION -> TkDown .)
    TkNegacion      reduce using rule 33 (DIRECTION -> TkDown .)
    TkResta         reduce using rule 33 (DIRECTION -> TkDown .)
    TkNum           reduce using rule 33 (DIRECTION -> TkDown .)
    TkMe            reduce using rule 33 (DIRECTION -> TkDown .)
    TkTrue          reduce using rule 33 (DIRECTION -> TkDown .)
    TkFalse         reduce using rule 33 (DIRECTION -> TkDown .)
    TkIdent         reduce using rule 33 (DIRECTION -> TkDown .)
    TkCaracter      reduce using rule 33 (DIRECTION -> TkDown .)


state 118

    (14) ACTIONS -> ACTIONS TkOn ENTER_BEHAVIOR CONDITION TkDosPuntos OPEN_SCOPE INSTRUCTION_C TkEnd . CLOSE_SCOPE EXIT_BEHAVIOR
    (5) CLOSE_SCOPE -> . empty
    (69) empty -> .

    TkEnd           reduce using rule 69 (empty -> .)
    TkOn            reduce using rule 69 (empty -> .)

    CLOSE_SCOPE                    shift and go to state 129
    empty                          shift and go to state 10

state 119

    (22) INSTRUCTION_C -> INSTRUCTION_C SIMPLE_INSTRUCTION_C .

    TkEnd           reduce using rule 22 (INSTRUCTION_C -> INSTRUCTION_C SIMPLE_INSTRUCTION_C .)
    TkStore         reduce using rule 22 (INSTRUCTION_C -> INSTRUCTION_C SIMPLE_INSTRUCTION_C .)
    TkCollect       reduce using rule 22 (INSTRUCTION_C -> INSTRUCTION_C SIMPLE_INSTRUCTION_C .)
    TkDrop          reduce using rule 22 (INSTRUCTION_C -> INSTRUCTION_C SIMPLE_INSTRUCTION_C .)
    TkRead          reduce using rule 22 (INSTRUCTION_C -> INSTRUCTION_C SIMPLE_INSTRUCTION_C .)
    TkSend          reduce using rule 22 (INSTRUCTION_C -> INSTRUCTION_C SIMPLE_INSTRUCTION_C .)
    TkLeft          reduce using rule 22 (INSTRUCTION_C -> INSTRUCTION_C SIMPLE_INSTRUCTION_C .)
    TkRight         reduce using rule 22 (INSTRUCTION_C -> INSTRUCTION_C SIMPLE_INSTRUCTION_C .)
    TkUp            reduce using rule 22 (INSTRUCTION_C -> INSTRUCTION_C SIMPLE_INSTRUCTION_C .)
    TkDown          reduce using rule 22 (INSTRUCTION_C -> INSTRUCTION_C SIMPLE_INSTRUCTION_C .)


state 120

    (26) SIMPLE_INSTRUCTION_C -> TkStore EXP_BINARIA . TkPunto
    (47) EXP_BINARIA -> EXP_BINARIA . TkSuma EXP_BINARIA
    (48) EXP_BINARIA -> EXP_BINARIA . TkResta EXP_BINARIA
    (49) EXP_BINARIA -> EXP_BINARIA . TkMult EXP_BINARIA
    (50) EXP_BINARIA -> EXP_BINARIA . TkDiv EXP_BINARIA
    (51) EXP_BINARIA -> EXP_BINARIA . TkMod EXP_BINARIA
    (52) EXP_BINARIA -> EXP_BINARIA . TkConjuncion EXP_BINARIA
    (53) EXP_BINARIA -> EXP_BINARIA . TkDisyuncion EXP_BINARIA
    (54) EXP_BINARIA -> EXP_BINARIA . TkIgual EXP_BINARIA
    (55) EXP_BINARIA -> EXP_BINARIA . TkNoIgual EXP_BINARIA
    (56) EXP_BINARIA -> EXP_BINARIA . TkMenorIgual EXP_BINARIA
    (57) EXP_BINARIA -> EXP_BINARIA . TkMayorIgual EXP_BINARIA
    (58) EXP_BINARIA -> EXP_BINARIA . TkMenor EXP_BINARIA
    (59) EXP_BINARIA -> EXP_BINARIA . TkMayor EXP_BINARIA

    TkPunto         shift and go to state 130
    TkSuma          shift and go to state 48
    TkResta         shift and go to state 49
    TkMult          shift and go to state 50
    TkDiv           shift and go to state 51
    TkMod           shift and go to state 52
    TkConjuncion    shift and go to state 53
    TkDisyuncion    shift and go to state 54
    TkIgual         shift and go to state 55
    TkNoIgual       shift and go to state 56
    TkMenorIgual    shift and go to state 57
    TkMayorIgual    shift and go to state 58
    TkMenor         shift and go to state 59
    TkMayor         shift and go to state 60


state 121

    (27) SIMPLE_INSTRUCTION_C -> TkCollect TkPunto .

    TkEnd           reduce using rule 27 (SIMPLE_INSTRUCTION_C -> TkCollect TkPunto .)
    TkStore         reduce using rule 27 (SIMPLE_INSTRUCTION_C -> TkCollect TkPunto .)
    TkCollect       reduce using rule 27 (SIMPLE_INSTRUCTION_C -> TkCollect TkPunto .)
    TkDrop          reduce using rule 27 (SIMPLE_INSTRUCTION_C -> TkCollect TkPunto .)
    TkRead          reduce using rule 27 (SIMPLE_INSTRUCTION_C -> TkCollect TkPunto .)
    TkSend          reduce using rule 27 (SIMPLE_INSTRUCTION_C -> TkCollect TkPunto .)
    TkLeft          reduce using rule 27 (SIMPLE_INSTRUCTION_C -> TkCollect TkPunto .)
    TkRight         reduce using rule 27 (SIMPLE_INSTRUCTION_C -> TkCollect TkPunto .)
    TkUp            reduce using rule 27 (SIMPLE_INSTRUCTION_C -> TkCollect TkPunto .)
    TkDown          reduce using rule 27 (SIMPLE_INSTRUCTION_C -> TkCollect TkPunto .)


state 122

    (28) SIMPLE_INSTRUCTION_C -> TkCollect TkAs . TkIdent TkPunto

    TkIdent         shift and go to state 131


state 123

    (29) SIMPLE_INSTRUCTION_C -> TkDrop EXP_BINARIA . TkPunto
    (47) EXP_BINARIA -> EXP_BINARIA . TkSuma EXP_BINARIA
    (48) EXP_BINARIA -> EXP_BINARIA . TkResta EXP_BINARIA
    (49) EXP_BINARIA -> EXP_BINARIA . TkMult EXP_BINARIA
    (50) EXP_BINARIA -> EXP_BINARIA . TkDiv EXP_BINARIA
    (51) EXP_BINARIA -> EXP_BINARIA . TkMod EXP_BINARIA
    (52) EXP_BINARIA -> EXP_BINARIA . TkConjuncion EXP_BINARIA
    (53) EXP_BINARIA -> EXP_BINARIA . TkDisyuncion EXP_BINARIA
    (54) EXP_BINARIA -> EXP_BINARIA . TkIgual EXP_BINARIA
    (55) EXP_BINARIA -> EXP_BINARIA . TkNoIgual EXP_BINARIA
    (56) EXP_BINARIA -> EXP_BINARIA . TkMenorIgual EXP_BINARIA
    (57) EXP_BINARIA -> EXP_BINARIA . TkMayorIgual EXP_BINARIA
    (58) EXP_BINARIA -> EXP_BINARIA . TkMenor EXP_BINARIA
    (59) EXP_BINARIA -> EXP_BINARIA . TkMayor EXP_BINARIA

    TkPunto         shift and go to state 132
    TkSuma          shift and go to state 48
    TkResta         shift and go to state 49
    TkMult          shift and go to state 50
    TkDiv           shift and go to state 51
    TkMod           shift and go to state 52
    TkConjuncion    shift and go to state 53
    TkDisyuncion    shift and go to state 54
    TkIgual         shift and go to state 55
    TkNoIgual       shift and go to state 56
    TkMenorIgual    shift and go to state 57
    TkMayorIgual    shift and go to state 58
    TkMenor         shift and go to state 59
    TkMayor         shift and go to state 60


state 124

    (34) SIMPLE_INSTRUCTION_C -> TkRead TkPunto .

    TkEnd           reduce using rule 34 (SIMPLE_INSTRUCTION_C -> TkRead TkPunto .)
    TkStore         reduce using rule 34 (SIMPLE_INSTRUCTION_C -> TkRead TkPunto .)
    TkCollect       reduce using rule 34 (SIMPLE_INSTRUCTION_C -> TkRead TkPunto .)
    TkDrop          reduce using rule 34 (SIMPLE_INSTRUCTION_C -> TkRead TkPunto .)
    TkRead          reduce using rule 34 (SIMPLE_INSTRUCTION_C -> TkRead TkPunto .)
    TkSend          reduce using rule 34 (SIMPLE_INSTRUCTION_C -> TkRead TkPunto .)
    TkLeft          reduce using rule 34 (SIMPLE_INSTRUCTION_C -> TkRead TkPunto .)
    TkRight         reduce using rule 34 (SIMPLE_INSTRUCTION_C -> TkRead TkPunto .)
    TkUp            reduce using rule 34 (SIMPLE_INSTRUCTION_C -> TkRead TkPunto .)
    TkDown          reduce using rule 34 (SIMPLE_INSTRUCTION_C -> TkRead TkPunto .)


state 125

    (35) SIMPLE_INSTRUCTION_C -> TkRead TkAs . TkIdent TkPunto

    TkIdent         shift and go to state 133


state 126

    (36) SIMPLE_INSTRUCTION_C -> TkSend TkPunto .

    TkEnd           reduce using rule 36 (SIMPLE_INSTRUCTION_C -> TkSend TkPunto .)
    TkStore         reduce using rule 36 (SIMPLE_INSTRUCTION_C -> TkSend TkPunto .)
    TkCollect       reduce using rule 36 (SIMPLE_INSTRUCTION_C -> TkSend TkPunto .)
    TkDrop          reduce using rule 36 (SIMPLE_INSTRUCTION_C -> TkSend TkPunto .)
    TkRead          reduce using rule 36 (SIMPLE_INSTRUCTION_C -> TkSend TkPunto .)
    TkSend          reduce using rule 36 (SIMPLE_INSTRUCTION_C -> TkSend TkPunto .)
    TkLeft          reduce using rule 36 (SIMPLE_INSTRUCTION_C -> TkSend TkPunto .)
    TkRight         reduce using rule 36 (SIMPLE_INSTRUCTION_C -> TkSend TkPunto .)
    TkUp            reduce using rule 36 (SIMPLE_INSTRUCTION_C -> TkSend TkPunto .)
    TkDown          reduce using rule 36 (SIMPLE_INSTRUCTION_C -> TkSend TkPunto .)


state 127

    (37) SIMPLE_INSTRUCTION_C -> DIRECTION TkPunto .

    TkEnd           reduce using rule 37 (SIMPLE_INSTRUCTION_C -> DIRECTION TkPunto .)
    TkStore         reduce using rule 37 (SIMPLE_INSTRUCTION_C -> DIRECTION TkPunto .)
    TkCollect       reduce using rule 37 (SIMPLE_INSTRUCTION_C -> DIRECTION TkPunto .)
    TkDrop          reduce using rule 37 (SIMPLE_INSTRUCTION_C -> DIRECTION TkPunto .)
    TkRead          reduce using rule 37 (SIMPLE_INSTRUCTION_C -> DIRECTION TkPunto .)
    TkSend          reduce using rule 37 (SIMPLE_INSTRUCTION_C -> DIRECTION TkPunto .)
    TkLeft          reduce using rule 37 (SIMPLE_INSTRUCTION_C -> DIRECTION TkPunto .)
    TkRight         reduce using rule 37 (SIMPLE_INSTRUCTION_C -> DIRECTION TkPunto .)
    TkUp            reduce using rule 37 (SIMPLE_INSTRUCTION_C -> DIRECTION TkPunto .)
    TkDown          reduce using rule 37 (SIMPLE_INSTRUCTION_C -> DIRECTION TkPunto .)


state 128

    (38) SIMPLE_INSTRUCTION_C -> DIRECTION EXP_BINARIA . TkPunto
    (47) EXP_BINARIA -> EXP_BINARIA . TkSuma EXP_BINARIA
    (48) EXP_BINARIA -> EXP_BINARIA . TkResta EXP_BINARIA
    (49) EXP_BINARIA -> EXP_BINARIA . TkMult EXP_BINARIA
    (50) EXP_BINARIA -> EXP_BINARIA . TkDiv EXP_BINARIA
    (51) EXP_BINARIA -> EXP_BINARIA . TkMod EXP_BINARIA
    (52) EXP_BINARIA -> EXP_BINARIA . TkConjuncion EXP_BINARIA
    (53) EXP_BINARIA -> EXP_BINARIA . TkDisyuncion EXP_BINARIA
    (54) EXP_BINARIA -> EXP_BINARIA . TkIgual EXP_BINARIA
    (55) EXP_BINARIA -> EXP_BINARIA . TkNoIgual EXP_BINARIA
    (56) EXP_BINARIA -> EXP_BINARIA . TkMenorIgual EXP_BINARIA
    (57) EXP_BINARIA -> EXP_BINARIA . TkMayorIgual EXP_BINARIA
    (58) EXP_BINARIA -> EXP_BINARIA . TkMenor EXP_BINARIA
    (59) EXP_BINARIA -> EXP_BINARIA . TkMayor EXP_BINARIA

    TkPunto         shift and go to state 134
    TkSuma          shift and go to state 48
    TkResta         shift and go to state 49
    TkMult          shift and go to state 50
    TkDiv           shift and go to state 51
    TkMod           shift and go to state 52
    TkConjuncion    shift and go to state 53
    TkDisyuncion    shift and go to state 54
    TkIgual         shift and go to state 55
    TkNoIgual       shift and go to state 56
    TkMenorIgual    shift and go to state 57
    TkMayorIgual    shift and go to state 58
    TkMenor         shift and go to state 59
    TkMayor         shift and go to state 60


state 129

    (14) ACTIONS -> ACTIONS TkOn ENTER_BEHAVIOR CONDITION TkDosPuntos OPEN_SCOPE INSTRUCTION_C TkEnd CLOSE_SCOPE . EXIT_BEHAVIOR
    (16) EXIT_BEHAVIOR -> . empty
    (69) empty -> .

    TkEnd           reduce using rule 69 (empty -> .)
    TkOn            reduce using rule 69 (empty -> .)

    EXIT_BEHAVIOR                  shift and go to state 135
    empty                          shift and go to state 136

state 130

    (26) SIMPLE_INSTRUCTION_C -> TkStore EXP_BINARIA TkPunto .

    TkEnd           reduce using rule 26 (SIMPLE_INSTRUCTION_C -> TkStore EXP_BINARIA TkPunto .)
    TkStore         reduce using rule 26 (SIMPLE_INSTRUCTION_C -> TkStore EXP_BINARIA TkPunto .)
    TkCollect       reduce using rule 26 (SIMPLE_INSTRUCTION_C -> TkStore EXP_BINARIA TkPunto .)
    TkDrop          reduce using rule 26 (SIMPLE_INSTRUCTION_C -> TkStore EXP_BINARIA TkPunto .)
    TkRead          reduce using rule 26 (SIMPLE_INSTRUCTION_C -> TkStore EXP_BINARIA TkPunto .)
    TkSend          reduce using rule 26 (SIMPLE_INSTRUCTION_C -> TkStore EXP_BINARIA TkPunto .)
    TkLeft          reduce using rule 26 (SIMPLE_INSTRUCTION_C -> TkStore EXP_BINARIA TkPunto .)
    TkRight         reduce using rule 26 (SIMPLE_INSTRUCTION_C -> TkStore EXP_BINARIA TkPunto .)
    TkUp            reduce using rule 26 (SIMPLE_INSTRUCTION_C -> TkStore EXP_BINARIA TkPunto .)
    TkDown          reduce using rule 26 (SIMPLE_INSTRUCTION_C -> TkStore EXP_BINARIA TkPunto .)


state 131

    (28) SIMPLE_INSTRUCTION_C -> TkCollect TkAs TkIdent . TkPunto

    TkPunto         shift and go to state 137


state 132

    (29) SIMPLE_INSTRUCTION_C -> TkDrop EXP_BINARIA TkPunto .

    TkEnd           reduce using rule 29 (SIMPLE_INSTRUCTION_C -> TkDrop EXP_BINARIA TkPunto .)
    TkStore         reduce using rule 29 (SIMPLE_INSTRUCTION_C -> TkDrop EXP_BINARIA TkPunto .)
    TkCollect       reduce using rule 29 (SIMPLE_INSTRUCTION_C -> TkDrop EXP_BINARIA TkPunto .)
    TkDrop          reduce using rule 29 (SIMPLE_INSTRUCTION_C -> TkDrop EXP_BINARIA TkPunto .)
    TkRead          reduce using rule 29 (SIMPLE_INSTRUCTION_C -> TkDrop EXP_BINARIA TkPunto .)
    TkSend          reduce using rule 29 (SIMPLE_INSTRUCTION_C -> TkDrop EXP_BINARIA TkPunto .)
    TkLeft          reduce using rule 29 (SIMPLE_INSTRUCTION_C -> TkDrop EXP_BINARIA TkPunto .)
    TkRight         reduce using rule 29 (SIMPLE_INSTRUCTION_C -> TkDrop EXP_BINARIA TkPunto .)
    TkUp            reduce using rule 29 (SIMPLE_INSTRUCTION_C -> TkDrop EXP_BINARIA TkPunto .)
    TkDown          reduce using rule 29 (SIMPLE_INSTRUCTION_C -> TkDrop EXP_BINARIA TkPunto .)


state 133

    (35) SIMPLE_INSTRUCTION_C -> TkRead TkAs TkIdent . TkPunto

    TkPunto         shift and go to state 138


state 134

    (38) SIMPLE_INSTRUCTION_C -> DIRECTION EXP_BINARIA TkPunto .

    TkEnd           reduce using rule 38 (SIMPLE_INSTRUCTION_C -> DIRECTION EXP_BINARIA TkPunto .)
    TkStore         reduce using rule 38 (SIMPLE_INSTRUCTION_C -> DIRECTION EXP_BINARIA TkPunto .)
    TkCollect       reduce using rule 38 (SIMPLE_INSTRUCTION_C -> DIRECTION EXP_BINARIA TkPunto .)
    TkDrop          reduce using rule 38 (SIMPLE_INSTRUCTION_C -> DIRECTION EXP_BINARIA TkPunto .)
    TkRead          reduce using rule 38 (SIMPLE_INSTRUCTION_C -> DIRECTION EXP_BINARIA TkPunto .)
    TkSend          reduce using rule 38 (SIMPLE_INSTRUCTION_C -> DIRECTION EXP_BINARIA TkPunto .)
    TkLeft          reduce using rule 38 (SIMPLE_INSTRUCTION_C -> DIRECTION EXP_BINARIA TkPunto .)
    TkRight         reduce using rule 38 (SIMPLE_INSTRUCTION_C -> DIRECTION EXP_BINARIA TkPunto .)
    TkUp            reduce using rule 38 (SIMPLE_INSTRUCTION_C -> DIRECTION EXP_BINARIA TkPunto .)
    TkDown          reduce using rule 38 (SIMPLE_INSTRUCTION_C -> DIRECTION EXP_BINARIA TkPunto .)


state 135

    (14) ACTIONS -> ACTIONS TkOn ENTER_BEHAVIOR CONDITION TkDosPuntos OPEN_SCOPE INSTRUCTION_C TkEnd CLOSE_SCOPE EXIT_BEHAVIOR .

    TkEnd           reduce using rule 14 (ACTIONS -> ACTIONS TkOn ENTER_BEHAVIOR CONDITION TkDosPuntos OPEN_SCOPE INSTRUCTION_C TkEnd CLOSE_SCOPE EXIT_BEHAVIOR .)
    TkOn            reduce using rule 14 (ACTIONS -> ACTIONS TkOn ENTER_BEHAVIOR CONDITION TkDosPuntos OPEN_SCOPE INSTRUCTION_C TkEnd CLOSE_SCOPE EXIT_BEHAVIOR .)


state 136

    (16) EXIT_BEHAVIOR -> empty .

    TkEnd           reduce using rule 16 (EXIT_BEHAVIOR -> empty .)
    TkOn            reduce using rule 16 (EXIT_BEHAVIOR -> empty .)


state 137

    (28) SIMPLE_INSTRUCTION_C -> TkCollect TkAs TkIdent TkPunto .

    TkEnd           reduce using rule 28 (SIMPLE_INSTRUCTION_C -> TkCollect TkAs TkIdent TkPunto .)
    TkStore         reduce using rule 28 (SIMPLE_INSTRUCTION_C -> TkCollect TkAs TkIdent TkPunto .)
    TkCollect       reduce using rule 28 (SIMPLE_INSTRUCTION_C -> TkCollect TkAs TkIdent TkPunto .)
    TkDrop          reduce using rule 28 (SIMPLE_INSTRUCTION_C -> TkCollect TkAs TkIdent TkPunto .)
    TkRead          reduce using rule 28 (SIMPLE_INSTRUCTION_C -> TkCollect TkAs TkIdent TkPunto .)
    TkSend          reduce using rule 28 (SIMPLE_INSTRUCTION_C -> TkCollect TkAs TkIdent TkPunto .)
    TkLeft          reduce using rule 28 (SIMPLE_INSTRUCTION_C -> TkCollect TkAs TkIdent TkPunto .)
    TkRight         reduce using rule 28 (SIMPLE_INSTRUCTION_C -> TkCollect TkAs TkIdent TkPunto .)
    TkUp            reduce using rule 28 (SIMPLE_INSTRUCTION_C -> TkCollect TkAs TkIdent TkPunto .)
    TkDown          reduce using rule 28 (SIMPLE_INSTRUCTION_C -> TkCollect TkAs TkIdent TkPunto .)


state 138

    (35) SIMPLE_INSTRUCTION_C -> TkRead TkAs TkIdent TkPunto .

    TkEnd           reduce using rule 35 (SIMPLE_INSTRUCTION_C -> TkRead TkAs TkIdent TkPunto .)
    TkStore         reduce using rule 35 (SIMPLE_INSTRUCTION_C -> TkRead TkAs TkIdent TkPunto .)
    TkCollect       reduce using rule 35 (SIMPLE_INSTRUCTION_C -> TkRead TkAs TkIdent TkPunto .)
    TkDrop          reduce using rule 35 (SIMPLE_INSTRUCTION_C -> TkRead TkAs TkIdent TkPunto .)
    TkRead          reduce using rule 35 (SIMPLE_INSTRUCTION_C -> TkRead TkAs TkIdent TkPunto .)
    TkSend          reduce using rule 35 (SIMPLE_INSTRUCTION_C -> TkRead TkAs TkIdent TkPunto .)
    TkLeft          reduce using rule 35 (SIMPLE_INSTRUCTION_C -> TkRead TkAs TkIdent TkPunto .)
    TkRight         reduce using rule 35 (SIMPLE_INSTRUCTION_C -> TkRead TkAs TkIdent TkPunto .)
    TkUp            reduce using rule 35 (SIMPLE_INSTRUCTION_C -> TkRead TkAs TkIdent TkPunto .)
    TkDown          reduce using rule 35 (SIMPLE_INSTRUCTION_C -> TkRead TkAs TkIdent TkPunto .)

